date,quarter,department,day,team,targeted_productivity,smv,wip,over_time,incentive,idle_time,idle_men,no_of_style_change,no_of_workers,actual_productivity
1/1/2015,Quarter1,sweing,Thursday,8,0.8,26.16,1108.0,7080.0,98.0,0.0,0,0,59.0,0.940725
1/1/2015,Quarter1,finishing ,Thursday,1,0.75,3.94,,960.0,0.0,0.0,0,0,8.0,0.8865
1/1/2015,Quarter1,sweing,Thursday,11,0.8,11.41,968.0,3660.0,50.0,0.0,0,0,30.5,0.80057
1/1/2015,Quarter1,sweing,Thursday,12,0.8,11.41,968.0,3660.0,50.0,0.0,0,0,30.5,0.80057
1/1/2015,Quarter1,sweing,Thursday,6,0.8,25.9,1170.0,1920.0,50.0,0.0,0,0,56.0,0.800382
1/1/2015,Quarter1,sweing,Thursday,7,0.8,25.9,984.0,6720.0,38.0,0.0,0,0,56.0,0.800125
1/1/2015,Quarter1,finishing ,Thursday,2,0.75,3.94,,960.0,0.0,0.0,0,0,8.0,0.755167
1/1/2015,Quarter1,sweing,Thursday,3,0.75,28.08,795.0,6900.0,45.0,0.0,0,0,57.5,0.753683
1/1/2015,Quarter1,sweing,Thursday,2,0.75,19.87,733.0,6000.0,34.0,0.0,0,0,55.0,0.753098
1/1/2015,Quarter1,sweing,Thursday,1,0.75,28.08,681.0,6900.0,45.0,0.0,0,0,57.5,0.750428
1/1/2015,Quarter1,sweing,Thursday,9,0.7,28.08,872.0,6900.0,44.0,0.0,0,0,57.5,0.721127
1/1/2015,Quarter1,sweing,Thursday,10,0.75,19.31,578.0,6480.0,45.0,0.0,0,0,54.0,0.712205
1/1/2015,Quarter1,sweing,Thursday,5,0.8,11.41,668.0,3660.0,50.0,0.0,0,0,30.5,0.707046
1/1/2015,Quarter1,finishing ,Thursday,10,0.65,3.94,,960.0,0.0,0.0,0,0,8.0,0.705917
1/1/2015,Quarter1,finishing ,Thursday,8,0.75,2.9,,960.0,0.0,0.0,0,0,8.0,0.676667
1/1/2015,Quarter1,finishing ,Thursday,4,0.75,3.94,,2160.0,0.0,0.0,0,0,18.0,0.593056
1/1/2015,Quarter1,finishing ,Thursday,7,0.8,2.9,,960.0,0.0,0.0,0,0,8.0,0.540729
1/1/2015,Quarter1,sweing,Thursday,4,0.65,23.69,861.0,7200.0,0.0,0.0,0,0,60.0,0.52118
1/1/2015,Quarter1,finishing,Thursday,11,0.7,4.15,,1440.0,0.0,0.0,0,0,12.0,0.436326
1/3/2015,Quarter1,finishing ,Saturday,4,0.8,4.15,,6600.0,0.0,0.0,0,0,20.0,0.988025
1/3/2015,Quarter1,finishing ,Saturday,11,0.75,2.9,,5640.0,0.0,0.0,0,0,17.0,0.98788
1/3/2015,Quarter1,finishing ,Saturday,9,0.8,4.15,,960.0,0.0,0.0,0,0,8.0,0.956271
1/3/2015,Quarter1,finishing ,Saturday,3,0.75,3.94,,1560.0,0.0,0.0,0,0,8.0,0.945278
1/3/2015,Quarter1,finishing ,Saturday,1,0.8,3.94,,960.0,0.0,0.0,0,0,8.0,0.902917
1/3/2015,Quarter1,sweing,Saturday,1,0.8,28.08,772.0,6300.0,50.0,0.0,0,0,56.5,0.800725
1/3/2015,Quarter1,sweing,Saturday,3,0.8,28.08,913.0,6540.0,50.0,0.0,0,0,54.5,0.800323
1/3/2015,Quarter1,sweing,Saturday,8,0.8,26.16,1261.0,7080.0,50.0,0.0,0,0,59.0,0.800319
1/3/2015,Quarter1,sweing,Saturday,12,0.8,26.16,844.0,7080.0,63.0,0.0,0,0,59.0,0.800319
1/3/2015,Quarter1,sweing,Saturday,11,0.8,11.61,1005.0,7080.0,50.0,0.0,0,0,29.5,0.800237
1/3/2015,Quarter1,sweing,Saturday,5,0.8,11.61,659.0,7080.0,50.0,0.0,0,0,31.5,0.800149
1/3/2015,Quarter1,sweing,Saturday,6,0.8,25.9,1152.0,6720.0,50.0,0.0,0,0,56.0,0.800125
1/3/2015,Quarter1,sweing,Saturday,7,0.8,25.9,1138.0,6720.0,38.0,0.0,0,0,56.0,0.800125
1/3/2015,Quarter1,sweing,Saturday,10,0.75,19.31,610.0,6480.0,56.0,0.0,0,0,54.0,0.7873
1/3/2015,Quarter1,finishing ,Saturday,2,0.8,4.15,,960.0,0.0,0.0,0,0,8.0,0.782448
1/3/2015,Quarter1,sweing,Saturday,2,0.75,19.87,944.0,6600.0,45.0,0.0,0,0,55.0,0.750243
1/3/2015,Quarter1,finishing ,Saturday,10,0.7,4.15,,960.0,0.0,0.0,0,0,8.0,0.701812
1/3/2015,Quarter1,sweing,Saturday,4,0.7,23.69,544.0,13800.0,0.0,0.0,0,0,60.0,0.700134
1/3/2015,Quarter1,sweing,Saturday,9,0.7,28.08,1072.0,6900.0,40.0,0.0,0,0,57.5,0.699965
1/3/2015,Quarter1,finishing ,Saturday,8,0.8,2.9,,960.0,0.0,0.0,0,0,8.0,0.628333
1/3/2015,Quarter1,finishing ,Saturday,7,0.8,3.94,,960.0,0.0,0.0,0,0,8.0,0.625313
1/4/2015,Quarter1,finishing ,Sunday,3,0.75,4.15,,1560.0,0.0,0.0,0,0,8.0,0.991389
1/4/2015,Quarter1,finishing ,Sunday,9,0.8,3.94,,960.0,0.0,0.0,0,0,8.0,0.931646
1/4/2015,Quarter1,finishing ,Sunday,1,0.8,3.94,,960.0,0.0,0.0,0,0,8.0,0.915229
1/4/2015,Quarter1,sweing,Sunday,6,0.8,11.61,539.0,6975.0,50.0,0.0,0,0,31.0,0.879714
1/4/2015,Quarter1,finishing ,Sunday,4,0.8,3.94,,6600.0,0.0,0.0,0,0,20.0,0.861679
1/4/2015,Quarter1,sweing,Sunday,9,0.8,26.16,1278.0,7080.0,60.0,0.0,0,0,59.0,0.850569
1/4/2015,Quarter1,sweing,Sunday,7,0.8,25.9,1227.0,7020.0,60.0,0.0,0,0,56.5,0.850436
1/4/2015,Quarter1,sweing,Sunday,8,0.8,25.9,1039.0,6780.0,45.0,0.0,0,0,56.5,0.850345
1/4/2015,Quarter1,sweing,Sunday,4,0.8,28.08,878.0,4260.0,50.0,0.0,0,0,55.5,0.800598
1/4/2015,Quarter1,sweing,Sunday,1,0.8,26.16,1033.0,7080.0,63.0,0.0,0,0,59.0,0.800319
1/4/2015,Quarter1,sweing,Sunday,2,0.8,28.08,782.0,6660.0,50.0,0.0,0,0,55.5,0.800238
1/4/2015,Quarter1,sweing,Sunday,12,0.8,11.61,1216.0,6975.0,50.0,0.0,0,0,31.0,0.80003
1/4/2015,Quarter1,finishing ,Sunday,2,0.8,3.94,,960.0,0.0,0.0,0,0,8.0,0.792104
1/4/2015,Quarter1,finishing ,Sunday,10,0.7,3.94,,4320.0,0.0,0.0,0,0,18.0,0.759228
1/4/2015,Quarter1,sweing,Sunday,11,0.75,19.31,513.0,6480.0,45.0,0.0,0,0,54.0,0.750348
1/4/2015,Quarter1,sweing,Sunday,3,0.75,19.87,734.0,6600.0,45.0,0.0,0,0,55.0,0.750243
1/4/2015,Quarter1,sweing,Sunday,10,0.7,28.08,1202.0,6900.0,40.0,0.0,0,0,57.5,0.699965
1/4/2015,Quarter1,finishing ,Sunday,8,0.8,2.9,,960.0,0.0,0.0,0,0,8.0,0.682708
1/4/2015,Quarter1,finishing ,Sunday,7,0.8,2.9,,960.0,0.0,0.0,0,0,8.0,0.667604
1/4/2015,Quarter1,sweing,Sunday,5,0.7,45.67,884.0,6960.0,26.0,0.0,0,0,58.0,0.603432
1/4/2015,Quarter1,finishing ,Sunday,11,0.75,4.15,,960.0,0.0,0.0,0,0,8.0,0.345833
1/5/2015,Quarter1,finishing ,Monday,1,0.8,3.94,,1920.0,0.0,0.0,0,0,8.0,0.961059
1/5/2015,Quarter1,finishing ,Monday,11,0.8,3.94,,2400.0,0.0,0.0,0,0,10.0,0.939514
1/5/2015,Quarter1,finishing ,Monday,4,0.8,3.94,,3840.0,0.0,0.0,0,0,16.0,0.893663
1/5/2015,Quarter1,finishing ,Monday,3,0.75,4.15,,1920.0,0.0,0.0,0,0,8.0,0.875391
1/5/2015,Quarter1,sweing,Monday,9,0.8,26.16,1227.0,7080.0,75.0,0.0,0,0,59.0,0.850569
1/5/2015,Quarter1,finishing ,Monday,9,0.8,2.9,,1920.0,0.0,0.0,0,0,8.0,0.820833
1/5/2015,Quarter1,finishing ,Monday,2,0.8,3.94,,960.0,0.0,0.0,0,0,8.0,0.804417
1/5/2015,Quarter1,sweing,Monday,7,0.8,25.9,1255.0,6780.0,50.0,0.0,0,0,56.5,0.800684
1/5/2015,Quarter1,sweing,Monday,8,0.8,25.9,1047.0,6780.0,38.0,0.0,0,0,56.5,0.800684
1/5/2015,Quarter1,sweing,Monday,1,0.8,26.16,1138.0,7080.0,63.0,0.0,0,0,59.0,0.800319
1/5/2015,Quarter1,sweing,Monday,11,0.8,19.31,678.0,4800.0,50.0,0.0,0,0,55.0,0.800251
1/5/2015,Quarter1,sweing,Monday,6,0.8,11.61,712.0,7200.0,50.0,0.0,0,0,32.0,0.800246
1/5/2015,Quarter1,sweing,Monday,12,0.8,11.61,1037.0,7200.0,50.0,0.0,0,0,32.0,0.800246
1/5/2015,Quarter1,sweing,Monday,2,0.8,28.08,757.0,6900.0,50.0,0.0,0,0,57.5,0.800077
1/5/2015,Quarter1,sweing,Monday,4,0.8,28.08,759.0,6900.0,50.0,0.0,0,0,57.5,0.800077
1/5/2015,Quarter1,finishing ,Monday,10,0.75,2.9,,960.0,0.0,0.0,0,0,8.0,0.763375
1/5/2015,Quarter1,finishing ,Monday,5,0.6,2.9,,960.0,0.0,0.0,0,0,8.0,0.759271
1/5/2015,Quarter1,sweing,Monday,10,0.75,28.08,1083.0,7020.0,45.0,0.0,0,0,58.5,0.7504
1/5/2015,Quarter1,sweing,Monday,3,0.75,19.87,944.0,6600.0,45.0,0.0,0,0,55.0,0.750243
1/5/2015,Quarter1,finishing ,Monday,7,0.8,3.94,,960.0,0.0,0.0,0,0,8.0,0.676667
1/5/2015,Quarter1,finishing ,Monday,8,0.8,2.9,,960.0,0.0,0.0,0,0,8.0,0.664583
1/5/2015,Quarter1,sweing,Monday,5,0.6,21.98,666.0,6960.0,23.0,0.0,0,0,58.0,0.600029
1/6/2015,Quarter1,finishing ,Tuesday,4,0.8,3.94,,4440.0,0.0,0.0,0,0,18.0,0.966781
1/6/2015,Quarter1,finishing ,Tuesday,1,0.8,3.94,,1440.0,0.0,0.0,0,0,8.0,0.936496
1/6/2015,Quarter1,finishing ,Tuesday,3,0.75,4.15,,1800.0,0.0,0.0,0,0,10.0,0.899167
1/6/2015,Quarter1,finishing ,Tuesday,11,0.8,4.15,,2700.0,0.0,0.0,0,0,15.0,0.888687
1/6/2015,Quarter1,finishing ,Tuesday,9,0.8,3.94,,1440.0,0.0,0.0,0,0,8.0,0.858144
1/6/2015,Quarter1,sweing,Tuesday,1,0.8,26.16,1187.0,10620.0,75.0,0.0,0,0,59.0,0.850502
1/6/2015,Quarter1,sweing,Tuesday,9,0.8,26.16,1305.0,10620.0,75.0,0.0,0,0,59.0,0.850502
1/6/2015,Quarter1,finishing ,Tuesday,10,0.75,3.94,,1440.0,0.0,0.0,0,0,8.0,0.80964
1/6/2015,Quarter1,finishing ,Tuesday,2,0.8,3.94,,1440.0,0.0,0.0,0,0,8.0,0.805909
1/6/2015,Quarter1,sweing,Tuesday,2,0.8,28.08,716.0,10350.0,50.0,0.0,0,0,57.5,0.800594
1/6/2015,Quarter1,sweing,Tuesday,4,0.8,28.08,925.0,10350.0,50.0,0.0,0,0,57.5,0.800594
1/6/2015,Quarter1,sweing,Tuesday,3,0.8,19.87,963.0,9900.0,50.0,0.0,0,0,55.0,0.800274
1/6/2015,Quarter1,sweing,Tuesday,12,0.8,11.61,1101.0,5310.0,50.0,0.0,0,0,31.5,0.800141
1/6/2015,Quarter1,sweing,Tuesday,7,0.8,25.9,1035.0,10170.0,38.0,0.0,0,0,56.5,0.800129
1/6/2015,Quarter1,sweing,Tuesday,8,0.8,25.9,1083.0,10170.0,38.0,0.0,0,0,56.5,0.800129
1/6/2015,Quarter1,sweing,Tuesday,6,0.8,11.61,910.0,4470.0,38.0,0.0,0,0,31.5,0.800077
1/6/2015,Quarter1,sweing,Tuesday,10,0.75,28.08,1209.0,10530.0,45.0,0.0,0,0,58.5,0.750545
1/6/2015,Quarter1,sweing,Tuesday,11,0.75,19.31,590.0,9900.0,45.0,0.0,0,0,55.0,0.750058
1/6/2015,Quarter1,finishing ,Tuesday,8,0.8,2.9,,1440.0,0.0,0.0,0,0,8.0,0.681061
1/6/2015,Quarter1,sweing,Tuesday,5,0.65,21.98,808.0,10440.0,35.0,0.0,0,0,58.0,0.649983
1/6/2015,Quarter1,finishing ,Tuesday,7,0.8,2.9,,1440.0,0.0,0.0,0,0,8.0,0.61625
1/7/2015,Quarter1,finishing ,Wednesday,1,0.8,3.94,,1440.0,0.0,0.0,0,0,8.0,0.95142
1/7/2015,Quarter1,finishing ,Wednesday,9,0.8,3.94,,1440.0,0.0,0.0,0,0,8.0,0.88053
1/7/2015,Quarter1,sweing,Wednesday,1,0.8,26.16,1179.0,10620.0,75.0,0.0,0,0,59.0,0.850502
1/7/2015,Quarter1,sweing,Wednesday,9,0.8,26.16,1324.0,10620.0,75.0,0.0,0,0,59.0,0.850502
1/7/2015,Quarter1,sweing,Wednesday,8,0.8,25.9,1135.0,10170.0,60.0,0.0,0,0,56.5,0.850137
1/7/2015,Quarter1,finishing ,Wednesday,3,0.75,4.15,,2700.0,0.0,0.0,0,0,15.0,0.83
1/7/2015,Quarter1,finishing ,Wednesday,4,0.8,3.94,,4440.0,0.0,0.0,0,0,18.0,0.827187
1/7/2015,Quarter1,finishing ,Wednesday,2,0.8,3.94,,1440.0,0.0,0.0,0,0,8.0,0.813371
1/7/2015,Quarter1,finishing ,Wednesday,10,0.75,3.94,,1440.0,0.0,0.0,0,0,8.0,0.805909
1/7/2015,Quarter1,finishing ,Wednesday,7,0.8,2.9,,1440.0,0.0,0.0,0,0,8.0,0.80464
1/7/2015,Quarter1,sweing,Wednesday,2,0.8,28.08,776.0,10350.0,63.0,0.0,0,0,57.5,0.800594
1/7/2015,Quarter1,sweing,Wednesday,4,0.8,28.08,990.0,10350.0,50.0,0.0,0,0,57.5,0.800594
1/7/2015,Quarter1,sweing,Wednesday,6,0.8,11.41,986.0,5490.0,50.0,0.0,0,0,30.5,0.800344
1/7/2015,Quarter1,sweing,Wednesday,3,0.8,19.87,924.0,9900.0,50.0,0.0,0,0,55.0,0.800274
1/7/2015,Quarter1,sweing,Wednesday,12,0.8,11.61,1120.0,5670.0,50.0,0.0,0,0,31.5,0.800247
1/7/2015,Quarter1,sweing,Wednesday,7,0.8,25.9,1066.0,10170.0,50.0,0.0,0,0,56.5,0.800129
1/7/2015,Quarter1,sweing,Wednesday,10,0.75,28.08,1144.0,10530.0,69.0,0.0,0,0,58.5,0.8
1/7/2015,Quarter1,sweing,Wednesday,5,0.7,21.98,413.0,9720.0,40.0,0.0,0,0,58.0,0.700481
1/7/2015,Quarter1,finishing ,Wednesday,8,0.8,2.9,,1440.0,0.0,0.0,0,0,8.0,0.681061
1/7/2015,Quarter1,finishing ,Wednesday,6,0.8,2.9,,1800.0,0.0,0.0,0,0,10.0,0.666515
1/7/2015,Quarter1,sweing,Wednesday,11,0.8,31.83,568.0,9900.0,40.0,0.0,0,0,55.0,0.41212
1/7/2015,Quarter1,finishing ,Wednesday,5,0.7,4.15,,1440.0,0.0,0.0,0,0,8.0,0.330114
1/8/2015,Quarter2,finishing ,Thursday,1,0.8,3.94,,1440.0,0.0,0.0,0,0,8.0,0.947689
1/8/2015,Quarter2,finishing ,Thursday,4,0.8,3.94,,12600.0,0.0,0.0,0,0,20.0,0.919905
1/8/2015,Quarter2,sweing,Thursday,9,0.8,26.16,1216.0,10620.0,88.0,0.0,0,0,59.0,0.900216
1/8/2015,Quarter2,finishing ,Thursday,9,0.8,3.94,,1440.0,0.0,0.0,0,0,8.0,0.891723
1/8/2015,Quarter2,sweing,Thursday,1,0.8,26.16,1189.0,10620.0,75.0,0.0,0,0,59.0,0.850502
1/8/2015,Quarter2,sweing,Thursday,4,0.8,28.08,942.0,10530.0,75.0,0.0,0,0,58.5,0.850182
1/8/2015,Quarter2,sweing,Thursday,7,0.8,25.9,1050.0,10170.0,60.0,0.0,0,0,56.5,0.850137
1/8/2015,Quarter2,sweing,Thursday,8,0.8,25.9,1026.0,10170.0,60.0,0.0,0,0,56.5,0.850137
1/8/2015,Quarter2,finishing ,Thursday,2,0.8,3.94,,1440.0,0.0,0.0,0,0,8.0,0.835758
1/8/2015,Quarter2,finishing ,Thursday,5,0.7,4.15,,3840.0,0.0,0.0,0,0,8.0,0.821354
1/8/2015,Quarter2,sweing,Thursday,2,0.8,28.08,783.0,10050.0,63.0,0.0,0,0,58.5,0.800497
1/8/2015,Quarter2,sweing,Thursday,3,0.8,19.87,857.0,9900.0,50.0,0.0,0,0,55.0,0.800274
1/8/2015,Quarter2,sweing,Thursday,12,0.8,11.61,548.0,15120.0,63.0,0.0,0,0,31.5,0.800107
1/8/2015,Quarter2,sweing,Thursday,6,0.8,11.41,411.0,14640.0,50.0,0.0,0,0,30.5,0.800025
1/8/2015,Quarter2,sweing,Thursday,10,0.75,28.08,1066.0,10530.0,69.0,0.0,0,0,58.5,0.8
1/8/2015,Quarter2,finishing ,Thursday,10,0.75,3.94,,1440.0,0.0,0.0,0,0,8.0,0.779792
1/8/2015,Quarter2,finishing ,Thursday,8,0.8,2.9,,1440.0,0.0,0.0,0,0,8.0,0.735985
1/8/2015,Quarter2,finishing ,Thursday,3,0.75,4.15,,2160.0,0.0,0.0,0,0,12.0,0.712626
1/8/2015,Quarter2,finishing ,Thursday,7,0.8,2.9,,1440.0,0.0,0.0,0,0,8.0,0.681061
1/8/2015,Quarter2,finishing ,Thursday,11,0.8,4.15,,900.0,0.0,0.0,0,0,5.0,0.515606
1/8/2015,Quarter2,sweing,Thursday,11,0.35,12.52,287.0,25920.0,38.0,0.0,0,0,54.0,0.349951
1/8/2015,Quarter2,sweing,Thursday,5,0.7,42.41,724.0,10260.0,0.0,0.0,0,0,57.0,0.233705
1/10/2015,Quarter2,finishing ,Saturday,1,0.8,3.94,,2160.0,0.0,0.0,0,0,8.0,0.985
1/10/2015,Quarter2,finishing ,Saturday,3,0.75,4.15,,2760.0,0.0,0.0,0,0,12.0,0.93034
1/10/2015,Quarter2,finishing ,Saturday,4,0.8,3.94,,6000.0,0.0,0.0,0,0,20.0,0.91159
1/10/2015,Quarter2,finishing ,Saturday,9,0.8,3.94,,1440.0,0.0,0.0,0,0,8.0,0.858144
1/10/2015,Quarter2,sweing,Saturday,9,0.8,26.16,1122.0,10620.0,75.0,0.0,0,0,59.0,0.851174
1/10/2015,Quarter2,sweing,Saturday,7,0.8,25.9,970.0,10170.0,60.0,0.0,0,0,56.5,0.850137
1/10/2015,Quarter2,sweing,Saturday,8,0.8,25.9,1158.0,10170.0,60.0,0.0,0,0,56.5,0.850137
1/10/2015,Quarter2,finishing ,Saturday,10,0.8,3.94,,1440.0,0.0,0.0,0,0,8.0,0.846951
1/10/2015,Quarter2,finishing ,Saturday,11,0.8,4.15,,1440.0,0.0,0.0,0,0,8.0,0.817424
1/10/2015,Quarter2,finishing ,Saturday,2,0.8,3.94,,1440.0,0.0,0.0,0,0,8.0,0.817102
1/10/2015,Quarter2,sweing,Saturday,4,0.8,28.08,660.0,10440.0,63.0,0.0,0,0,58.0,0.801028
1/10/2015,Quarter2,sweing,Saturday,2,0.8,28.08,749.0,10350.0,63.0,0.0,0,0,57.5,0.800594
1/10/2015,Quarter2,sweing,Saturday,12,0.8,11.61,893.0,4710.0,50.0,0.0,0,0,31.5,0.800346
1/10/2015,Quarter2,sweing,Saturday,6,0.8,11.41,887.0,5490.0,50.0,0.0,0,0,30.5,0.800344
1/10/2015,Quarter2,sweing,Saturday,1,0.8,26.16,1335.0,10620.0,63.0,0.0,0,0,59.0,0.800117
1/10/2015,Quarter2,sweing,Saturday,10,0.8,28.08,1082.0,10530.0,63.0,0.0,0,0,58.5,0.8
1/10/2015,Quarter2,sweing,Saturday,3,0.75,19.87,1075.0,7080.0,45.0,0.0,0,0,56.0,0.750098
1/10/2015,Quarter2,sweing,Saturday,11,0.5,12.52,749.0,9540.0,38.0,0.0,0,0,53.0,0.673245
1/10/2015,Quarter2,finishing ,Saturday,7,0.8,2.9,,1440.0,0.0,0.0,0,0,8.0,0.670076
1/10/2015,Quarter2,finishing ,Saturday,8,0.8,2.9,,1440.0,0.0,0.0,0,0,8.0,0.628883
1/10/2015,Quarter2,sweing,Saturday,5,0.5,20.79,966.0,7680.0,0.0,0.0,0,0,56.0,0.388008
1/10/2015,Quarter2,finishing ,Saturday,5,0.5,4.15,,1440.0,0.0,0.0,0,0,8.0,0.337973
1/11/2015,Quarter2,finishing ,Sunday,3,0.75,4.15,,1440.0,0.0,0.0,0,0,8.0,0.935322
1/11/2015,Quarter2,finishing ,Sunday,4,0.8,3.94,,3600.0,0.0,0.0,0,0,20.0,0.925644
1/11/2015,Quarter2,sweing,Sunday,9,0.8,26.16,1095.0,10620.0,88.0,0.0,0,0,59.0,0.900216
1/11/2015,Quarter2,finishing ,Sunday,1,0.8,3.94,,1440.0,0.0,0.0,0,0,8.0,0.873068
1/11/2015,Quarter2,finishing ,Sunday,9,0.8,3.94,,1440.0,0.0,0.0,0,0,8.0,0.858144
1/11/2015,Quarter2,sweing,Sunday,1,0.8,26.16,1383.0,10620.0,75.0,0.0,0,0,59.0,0.850502
1/11/2015,Quarter2,sweing,Sunday,7,0.8,25.9,1012.0,10170.0,45.0,0.0,0,0,56.5,0.850137
1/11/2015,Quarter2,sweing,Sunday,8,0.8,25.9,1209.0,10170.0,60.0,0.0,0,0,56.5,0.850137
1/11/2015,Quarter2,finishing ,Sunday,10,0.8,3.94,,1440.0,0.0,0.0,0,0,8.0,0.828295
1/11/2015,Quarter2,finishing ,Sunday,2,0.8,3.94,,1440.0,0.0,0.0,0,0,8.0,0.820833
1/11/2015,Quarter2,sweing,Sunday,6,0.8,11.41,887.0,5490.0,50.0,0.0,0,0,30.5,0.800344
1/11/2015,Quarter2,sweing,Sunday,12,0.8,11.61,896.0,5670.0,50.0,0.0,0,0,31.5,0.800247
1/11/2015,Quarter2,sweing,Sunday,2,0.8,28.08,805.0,10530.0,63.0,0.0,0,0,58.5,0.8
1/11/2015,Quarter2,sweing,Sunday,10,0.8,28.08,762.0,10530.0,38.0,0.0,0,0,58.5,0.8
1/11/2015,Quarter2,sweing,Sunday,3,0.8,19.87,1043.0,6420.0,0.0,0.0,0,0,55.0,0.690183
1/11/2015,Quarter2,finishing ,Sunday,11,0.8,4.15,,1440.0,0.0,0.0,0,0,8.0,0.668087
1/11/2015,Quarter2,finishing ,Sunday,8,0.8,2.9,,1440.0,0.0,0.0,0,0,8.0,0.653598
1/11/2015,Quarter2,finishing ,Sunday,5,0.5,4.15,,1440.0,0.0,0.0,0,0,8.0,0.609138
1/11/2015,Quarter2,sweing,Sunday,11,0.6,12.52,831.0,9540.0,30.0,0.0,0,0,53.0,0.60023
1/11/2015,Quarter2,finishing ,Sunday,6,0.8,2.9,,1440.0,0.0,0.0,0,0,8.0,0.597348
1/11/2015,Quarter2,finishing ,Sunday,7,0.8,2.9,,1440.0,0.0,0.0,0,0,8.0,0.590436
1/11/2015,Quarter2,sweing,Sunday,4,0.8,50.48,562.0,10440.0,0.0,0.0,0,0,58.0,0.473135
1/11/2015,Quarter2,sweing,Sunday,5,0.6,20.79,1208.0,7980.0,0.0,0.0,0,0,57.0,0.45298
1/12/2015,Quarter2,finishing ,Monday,1,0.8,3.94,,1440.0,0.0,0.0,0,0,8.0,0.955152
1/12/2015,Quarter2,finishing ,Monday,4,0.35,4.3,,3240.0,0.0,0.0,0,0,18.0,0.942214
1/12/2015,Quarter2,finishing ,Monday,3,0.8,4.15,,1800.0,0.0,0.0,0,0,10.0,0.905455
1/12/2015,Quarter2,finishing ,Monday,2,0.8,3.94,,1440.0,0.0,0.0,0,0,8.0,0.88053
1/12/2015,Quarter2,finishing ,Monday,9,0.8,3.94,,1440.0,0.0,0.0,0,0,8.0,0.858144
1/12/2015,Quarter2,sweing,Monday,1,0.8,26.16,1099.0,8220.0,75.0,0.0,0,0,59.0,0.850522
1/12/2015,Quarter2,sweing,Monday,9,0.8,26.16,1093.0,10620.0,75.0,0.0,0,0,59.0,0.850502
1/12/2015,Quarter2,sweing,Monday,7,0.8,25.9,1031.0,10170.0,60.0,0.0,0,0,56.5,0.850137
1/12/2015,Quarter2,sweing,Monday,8,0.8,25.9,1233.0,10170.0,60.0,0.0,0,0,56.5,0.850137
1/12/2015,Quarter2,finishing ,Monday,6,0.8,2.9,,1440.0,0.0,0.0,0,0,8.0,0.817424
1/12/2015,Quarter2,finishing ,Monday,5,0.65,4.15,,1440.0,0.0,0.0,0,0,8.0,0.809564
1/12/2015,Quarter2,sweing,Monday,3,0.8,19.87,941.0,9900.0,0.0,0.0,0,0,55.0,0.800274
1/12/2015,Quarter2,sweing,Monday,6,0.8,11.41,843.0,5670.0,50.0,0.0,0,0,31.5,0.800182
1/12/2015,Quarter2,sweing,Monday,12,0.8,11.61,760.0,4470.0,50.0,0.0,0,0,31.5,0.800077
1/12/2015,Quarter2,sweing,Monday,2,0.8,28.08,737.0,10530.0,63.0,0.0,0,0,58.5,0.8
1/12/2015,Quarter2,finishing ,Monday,8,0.8,2.9,,1440.0,0.0,0.0,0,0,8.0,0.725
1/12/2015,Quarter2,sweing,Monday,10,0.8,50.48,381.0,6930.0,45.0,0.0,0,0,58.5,0.688558
1/12/2015,Quarter2,sweing,Monday,5,0.65,20.79,1141.0,8460.0,0.0,0.0,0,0,59.0,0.650041
1/12/2015,Quarter2,sweing,Monday,11,0.65,12.52,1004.0,9540.0,44.0,0.0,0,0,53.0,0.649981
1/12/2015,Quarter2,finishing ,Monday,7,0.8,2.9,,1440.0,0.0,0.0,0,0,8.0,0.648106
1/12/2015,Quarter2,finishing ,Monday,11,0.8,4.15,,1440.0,0.0,0.0,0,0,8.0,0.640578
1/12/2015,Quarter2,sweing,Monday,4,0.35,22.4,581.0,7350.0,0.0,0.0,0,0,51.5,0.350633
1/12/2015,Quarter2,finishing ,Monday,10,0.8,3.94,,1440.0,0.0,0.0,0,0,8.0,0.24625
1/13/2015,Quarter2,finishing ,Tuesday,4,0.35,4.3,,2160.0,0.0,0.0,0,0,12.0,0.95202
1/13/2015,Quarter2,finishing ,Tuesday,1,0.8,3.94,,1440.0,0.0,0.0,0,0,2.0,0.95142
1/13/2015,Quarter2,finishing ,Tuesday,10,0.8,3.94,,5400.0,0.0,0.0,0,0,20.0,0.912767
1/13/2015,Quarter2,finishing ,Tuesday,3,0.8,4.15,,1620.0,0.0,0.0,0,0,9.0,0.901263
1/13/2015,Quarter2,finishing ,Tuesday,9,0.8,3.94,,1440.0,0.0,0.0,0,0,8.0,0.858144
1/13/2015,Quarter2,sweing,Tuesday,1,0.8,26.16,1073.0,10620.0,75.0,0.0,0,0,59.0,0.850502
1/13/2015,Quarter2,sweing,Tuesday,9,0.8,26.16,1156.0,10620.0,75.0,0.0,0,0,59.0,0.850502
1/13/2015,Quarter2,sweing,Tuesday,8,0.8,25.9,1211.0,10260.0,60.0,0.0,0,0,57.0,0.850253
1/13/2015,Quarter2,sweing,Tuesday,7,0.8,25.9,1126.0,10170.0,60.0,0.0,0,0,56.5,0.850137
1/13/2015,Quarter2,finishing ,Tuesday,5,0.65,4.15,,1440.0,0.0,0.0,0,0,8.0,0.821354
1/13/2015,Quarter2,finishing ,Tuesday,2,0.8,3.94,,1440.0,0.0,0.0,0,0,8.0,0.805909
1/13/2015,Quarter2,sweing,Tuesday,6,0.8,11.61,1004.0,5670.0,50.0,0.0,0,0,31.5,0.800247
1/13/2015,Quarter2,sweing,Tuesday,12,0.8,11.61,1063.0,5670.0,50.0,0.0,0,0,31.5,0.800247
1/13/2015,Quarter2,sweing,Tuesday,2,0.8,28.08,723.0,10530.0,50.0,0.0,0,0,58.5,0.8
1/13/2015,Quarter2,sweing,Tuesday,3,0.8,42.27,465.0,9900.0,54.0,0.0,0,0,55.0,0.705577
1/13/2015,Quarter2,finishing ,Tuesday,8,0.8,2.9,,1440.0,0.0,0.0,0,0,8.0,0.681061
1/13/2015,Quarter2,finishing ,Tuesday,7,0.8,2.9,,1440.0,0.0,0.0,0,0,8.0,0.670076
1/13/2015,Quarter2,finishing ,Tuesday,11,0.8,4.15,,1440.0,0.0,0.0,0,0,8.0,0.601278
1/13/2015,Quarter2,sweing,Tuesday,11,0.7,27.13,530.0,9540.0,37.0,0.0,0,0,53.0,0.582301
1/13/2015,Quarter2,sweing,Tuesday,5,0.7,20.79,1297.0,10440.0,0.0,0.0,0,0,58.0,0.52681
1/13/2015,Quarter2,sweing,Tuesday,4,0.5,22.4,783.0,10170.0,23.0,0.0,0,0,56.5,0.500381
1/13/2015,Quarter2,sweing,Tuesday,10,0.35,22.4,715.0,10170.0,23.0,0.0,0,0,56.5,0.350206
1/14/2015,Quarter2,finishing ,Wednesday,11,0.8,4.15,,1980.0,0.0,0.0,0,0,7.0,0.934607
1/14/2015,Quarter2,finishing ,Wednesday,4,0.35,4.3,,2700.0,0.0,0.0,0,0,8.0,0.908081
1/14/2015,Quarter2,sweing,Wednesday,7,0.8,25.9,1150.0,10170.0,70.0,0.0,0,0,56.5,0.900145
1/14/2015,Quarter2,finishing ,Wednesday,1,0.8,3.94,,1440.0,0.0,0.0,0,0,8.0,0.891723
1/14/2015,Quarter2,finishing ,Wednesday,5,0.65,4.15,,1440.0,0.0,0.0,0,0,15.0,0.864583
1/14/2015,Quarter2,finishing ,Wednesday,9,0.8,3.94,,1440.0,0.0,0.0,0,0,8.0,0.858144
1/14/2015,Quarter2,sweing,Wednesday,9,0.8,26.16,1232.0,10620.0,75.0,0.0,0,0,59.0,0.850502
1/14/2015,Quarter2,sweing,Wednesday,8,0.8,25.9,1218.0,10170.0,60.0,0.0,0,0,56.5,0.850137
1/14/2015,Quarter2,finishing ,Wednesday,7,0.8,2.9,,1440.0,0.0,0.0,0,0,8.0,0.837595
1/14/2015,Quarter2,finishing ,Wednesday,3,0.8,4.15,,1440.0,0.0,0.0,0,0,7.0,0.820833
1/14/2015,Quarter2,sweing,Wednesday,12,0.8,11.61,1159.0,2970.0,50.0,0.0,0,0,31.5,0.800313
1/14/2015,Quarter2,sweing,Wednesday,6,0.8,11.61,972.0,5670.0,38.0,0.0,0,0,31.5,0.800247
1/14/2015,Quarter2,sweing,Wednesday,1,0.8,26.16,1092.0,10620.0,63.0,0.0,0,0,59.0,0.800117
1/14/2015,Quarter2,sweing,Wednesday,5,0.7,20.79,965.0,7320.0,0.0,0.0,0,0,58.0,0.700096
1/14/2015,Quarter2,finishing ,Wednesday,8,0.8,2.9,,1440.0,0.0,0.0,0,0,8.0,0.66733
1/14/2015,Quarter2,sweing,Wednesday,4,0.6,22.4,816.0,5100.0,23.0,0.0,0,0,57.0,0.60037
1/14/2015,Quarter2,sweing,Wednesday,10,0.5,22.4,947.0,3390.0,23.0,0.0,0,0,56.5,0.49998
1/14/2015,Quarter2,sweing,Wednesday,11,0.35,14.61,838.0,7200.0,23.0,0.0,0,0,55.0,0.350031
1/14/2015,Quarter2,finishing ,Wednesday,10,0.8,3.94,,1260.0,0.0,0.0,0,0,8.0,0.332359
1/14/2015,Quarter2,sweing,Wednesday,2,0.8,51.02,1086.0,4260.0,27.0,0.0,0,0,57.0,0.311207
1/14/2015,Quarter2,finishing ,Wednesday,2,0.8,3.94,,1260.0,0.0,0.0,0,0,8.0,0.247316
1/15/2015,Quarter3,finishing ,Thursday,4,0.35,4.3,,3600.0,0.0,0.0,0,0,20.0,0.988636
1/15/2015,Quarter3,finishing ,Thursday,10,0.8,3.94,,3420.0,0.0,0.0,0,0,19.0,0.95311
1/15/2015,Quarter3,finishing ,Thursday,1,0.8,3.94,,1440.0,0.0,0.0,0,0,8.0,0.884261
1/15/2015,Quarter3,finishing ,Thursday,5,0.65,4.15,,1440.0,0.0,0.0,0,0,8.0,0.860653
1/15/2015,Quarter3,finishing ,Thursday,9,0.8,3.94,,1440.0,0.0,0.0,0,0,8.0,0.858144
1/15/2015,Quarter3,sweing,Thursday,1,0.8,26.16,1160.0,10620.0,75.0,0.0,0,0,59.0,0.850502
1/15/2015,Quarter3,sweing,Thursday,8,0.8,25.9,1177.0,8970.0,60.0,0.0,0,0,56.5,0.850416
1/15/2015,Quarter3,sweing,Thursday,7,0.8,25.9,1281.0,10170.0,60.0,0.0,0,0,56.5,0.850137
1/15/2015,Quarter3,sweing,Thursday,9,0.8,26.16,1369.0,10620.0,63.0,0.0,0,0,59.0,0.800117
1/15/2015,Quarter3,sweing,Thursday,6,0.8,11.61,1084.0,4950.0,38.0,0.0,0,0,31.5,0.800031
1/15/2015,Quarter3,sweing,Thursday,12,0.8,11.61,1216.0,4950.0,50.0,0.0,0,0,31.5,0.800031
1/15/2015,Quarter3,sweing,Thursday,5,0.7,20.79,391.0,10440.0,0.0,0.0,0,0,58.0,0.70006
1/15/2015,Quarter3,finishing ,Thursday,7,0.8,2.9,,1440.0,0.0,0.0,0,0,8.0,0.689299
1/15/2015,Quarter3,sweing,Thursday,3,0.5,22.52,1102.0,10170.0,30.0,0.0,0,0,56.5,0.660683
1/15/2015,Quarter3,sweing,Thursday,4,0.65,22.52,872.0,10080.0,26.0,0.0,0,0,56.0,0.650131
1/15/2015,Quarter3,finishing ,Thursday,8,0.8,2.9,,1440.0,0.0,0.0,0,0,8.0,0.606913
1/15/2015,Quarter3,sweing,Thursday,10,0.6,22.52,1076.0,10170.0,23.0,0.0,0,0,56.5,0.600292
1/15/2015,Quarter3,sweing,Thursday,11,0.5,14.89,917.0,9900.0,30.0,0.0,0,0,55.0,0.500025
1/15/2015,Quarter3,sweing,Thursday,2,0.5,22.94,1044.0,9810.0,23.0,0.0,0,0,54.5,0.499999
1/17/2015,Quarter3,finishing ,Saturday,5,0.65,4.15,,2700.0,0.0,0.0,0,0,15.0,0.987197
1/17/2015,Quarter3,finishing ,Saturday,2,0.8,3.94,,1800.0,0.0,0.0,0,0,10.0,0.980909
1/17/2015,Quarter3,finishing ,Saturday,10,0.8,3.94,,1440.0,0.0,0.0,0,0,8.0,0.974621
1/17/2015,Quarter3,finishing ,Saturday,1,0.8,3.94,,1440.0,0.0,0.0,0,0,8.0,0.884261
1/17/2015,Quarter3,finishing ,Saturday,9,0.8,3.94,,1800.0,0.0,0.0,0,0,10.0,0.826803
1/17/2015,Quarter3,sweing,Saturday,6,0.8,11.41,1067.0,5490.0,63.0,0.0,0,0,30.5,0.800344
1/17/2015,Quarter3,sweing,Saturday,12,0.8,11.61,1039.0,5670.0,63.0,0.0,0,0,31.5,0.800247
1/17/2015,Quarter3,sweing,Saturday,7,0.8,25.9,1396.0,10170.0,50.0,0.0,0,0,56.5,0.800129
1/17/2015,Quarter3,sweing,Saturday,8,0.8,25.9,1292.0,10170.0,50.0,0.0,0,0,56.5,0.800129
1/17/2015,Quarter3,sweing,Saturday,1,0.8,48.68,171.0,10620.0,63.0,0.0,0,0,59.0,0.800117
1/17/2015,Quarter3,sweing,Saturday,9,0.8,26.16,1128.0,10620.0,63.0,0.0,0,0,59.0,0.800117
1/17/2015,Quarter3,sweing,Saturday,2,0.6,22.94,865.0,6570.0,23.0,0.0,0,0,56.5,0.770114
1/17/2015,Quarter3,sweing,Saturday,4,0.7,22.52,825.0,10170.0,50.0,0.0,0,0,56.5,0.700542
1/17/2015,Quarter3,finishing ,Saturday,8,0.8,2.9,,1440.0,0.0,0.0,0,0,8.0,0.675568
1/17/2015,Quarter3,finishing ,Saturday,7,0.8,2.9,,1440.0,0.0,0.0,0,0,8.0,0.661837
1/17/2015,Quarter3,sweing,Saturday,10,0.65,22.52,1163.0,9720.0,35.0,0.0,0,0,54.0,0.650199
1/17/2015,Quarter3,sweing,Saturday,3,0.6,22.52,1140.0,10170.0,30.0,0.0,0,0,56.5,0.600292
1/17/2015,Quarter3,sweing,Saturday,11,0.6,14.89,1027.0,10080.0,38.0,0.0,0,0,56.0,0.600273
1/17/2015,Quarter3,finishing ,Saturday,6,0.8,2.9,,900.0,0.0,0.0,0,0,5.0,0.465758
1/17/2015,Quarter3,sweing,Saturday,5,0.7,41.19,1052.0,10440.0,21.0,0.0,0,0,58.0,0.452013
1/17/2015,Quarter3,finishing ,Saturday,11,0.8,4.15,,1260.0,0.0,0.0,0,0,7.0,0.313853
1/18/2015,Quarter3,finishing ,Sunday,5,0.6,4.15,,1440.0,0.0,0.0,0,0,8.0,0.852794
1/18/2015,Quarter3,finishing ,Sunday,11,0.65,4.15,,2160.0,0.0,0.0,0,0,12.0,0.838384
1/18/2015,Quarter3,finishing ,Sunday,6,0.8,2.9,,1800.0,0.0,0.0,0,0,10.0,0.804848
1/18/2015,Quarter3,sweing,Sunday,6,0.8,11.41,1140.0,5490.0,63.0,0.0,0,0,30.5,0.800344
1/18/2015,Quarter3,sweing,Sunday,7,0.8,48.84,624.0,10170.0,50.0,0.0,0,0,56.5,0.800129
1/18/2015,Quarter3,sweing,Sunday,8,0.8,25.9,1288.0,10170.0,38.0,0.0,0,0,56.5,0.800129
1/18/2015,Quarter3,sweing,Sunday,9,0.8,26.16,1381.0,3660.0,50.0,0.0,0,0,59.0,0.800015
1/18/2015,Quarter3,sweing,Sunday,4,0.7,22.52,882.0,10170.0,50.0,0.0,0,0,56.5,0.700542
1/18/2015,Quarter3,sweing,Sunday,10,0.7,22.52,1002.0,10080.0,40.0,0.0,0,0,56.0,0.700094
1/18/2015,Quarter3,finishing ,Sunday,7,0.8,2.9,,1440.0,0.0,0.0,0,0,8.0,0.692045
1/18/2015,Quarter3,sweing,Sunday,12,0.8,26.87,585.0,5670.0,56.0,0.0,0,0,31.5,0.662256
1/18/2015,Quarter3,sweing,Sunday,3,0.65,22.52,1138.0,10170.0,35.0,0.0,0,0,56.5,0.650417
1/18/2015,Quarter3,sweing,Sunday,11,0.65,14.89,1140.0,10260.0,44.0,0.0,0,0,57.0,0.6503
1/18/2015,Quarter3,sweing,Sunday,2,0.65,22.94,1025.0,10170.0,26.0,0.0,0,0,56.5,0.650243
1/18/2015,Quarter3,finishing ,Sunday,8,0.8,2.9,,1440.0,0.0,0.0,0,0,8.0,0.639867
1/18/2015,Quarter3,sweing,Sunday,5,0.6,20.4,1031.0,10440.0,30.0,0.0,0,0,58.0,0.600063
1/18/2015,Quarter3,finishing ,Sunday,9,0.8,3.94,,1800.0,0.0,0.0,0,0,10.0,0.582045
1/18/2015,Quarter3,sweing,Sunday,1,0.8,49.1,1381.0,10350.0,24.0,0.0,0,0,57.5,0.403242
1/18/2015,Quarter3,finishing ,Sunday,10,0.7,3.94,,1440.0,0.0,0.0,0,0,8.0,0.235795
1/19/2015,Quarter3,finishing ,Monday,4,0.7,4.3,,5040.0,0.0,0.0,0,0,28.0,0.977273
1/19/2015,Quarter3,finishing ,Monday,9,0.8,3.94,,1800.0,0.0,0.0,0,0,10.0,0.964106
1/19/2015,Quarter3,finishing ,Monday,5,0.65,4.15,,1440.0,0.0,0.0,0,0,8.0,0.958902
1/19/2015,Quarter3,sweing,Monday,6,0.8,11.41,1028.0,4380.0,50.0,0.0,0,0,31.0,0.800359
1/19/2015,Quarter3,sweing,Monday,8,0.8,25.9,1380.0,3630.0,50.0,0.0,0,0,56.5,0.800163
1/19/2015,Quarter3,sweing,Monday,9,0.8,26.16,1196.0,10620.0,63.0,0.0,0,0,59.0,0.800117
1/19/2015,Quarter3,finishing ,Monday,12,0.8,2.9,,1440.0,0.0,0.0,0,0,8.0,0.793845
1/19/2015,Quarter3,sweing,Monday,2,0.7,22.94,1006.0,10170.0,38.0,0.0,0,0,56.5,0.750518
1/19/2015,Quarter3,sweing,Monday,4,0.7,22.52,930.0,10260.0,63.0,0.0,0,0,57.0,0.750068
1/19/2015,Quarter3,sweing,Monday,3,0.7,22.52,1095.0,10170.0,50.0,0.0,0,0,56.5,0.750063
1/19/2015,Quarter3,sweing,Monday,10,0.7,22.52,938.0,10080.0,63.0,0.0,0,0,56.0,0.750057
1/19/2015,Quarter3,sweing,Monday,11,0.7,14.89,1484.0,10260.0,50.0,0.0,0,0,57.0,0.70017
1/19/2015,Quarter3,finishing ,Monday,8,0.8,2.9,,1440.0,0.0,0.0,0,0,8.0,0.683807
1/19/2015,Quarter3,sweing,Monday,5,0.65,20.4,1255.0,8280.0,35.0,0.0,0,0,58.0,0.650066
1/19/2015,Quarter3,sweing,Monday,7,0.8,48.84,1040.0,10260.0,30.0,0.0,0,0,57.0,0.57646
1/19/2015,Quarter3,sweing,Monday,1,0.5,22.94,1492.0,10170.0,30.0,0.0,0,0,56.5,0.549969
1/19/2015,Quarter3,finishing ,Monday,10,0.7,3.94,,1440.0,0.0,0.0,0,0,8.0,0.5384
1/19/2015,Quarter3,finishing ,Monday,11,0.7,4.15,,1440.0,0.0,0.0,0,0,8.0,0.409545
1/19/2015,Quarter3,sweing,Monday,12,0.35,15.26,1111.0,6120.0,23.0,0.0,0,0,34.0,0.350218
1/20/2015,Quarter3,finishing ,Tuesday,5,0.7,4.15,,1440.0,0.0,0.0,0,0,8.0,1.03357
1/20/2015,Quarter3,sweing,Tuesday,6,0.8,11.41,1047.0,5580.0,63.0,0.0,0,0,31.0,0.800261
1/20/2015,Quarter3,sweing,Tuesday,8,0.8,25.9,1434.0,10170.0,50.0,0.0,0,0,56.5,0.800129
1/20/2015,Quarter3,sweing,Tuesday,9,0.8,26.16,399.0,10620.0,63.0,0.0,0,0,59.0,0.800117
1/20/2015,Quarter3,sweing,Tuesday,4,0.7,22.52,983.0,10260.0,63.0,0.0,0,0,57.0,0.750068
1/20/2015,Quarter3,sweing,Tuesday,10,0.7,22.52,1108.0,10080.0,63.0,0.0,0,0,56.0,0.750057
1/20/2015,Quarter3,sweing,Tuesday,3,0.7,22.52,1134.0,8460.0,50.0,0.0,0,0,57.0,0.750038
1/20/2015,Quarter3,sweing,Tuesday,2,0.7,22.94,1363.0,10260.0,50.0,0.0,0,0,57.0,0.750032
1/20/2015,Quarter3,finishing ,Tuesday,9,0.8,3.94,,1800.0,0.0,0.0,0,0,10.0,0.728303
1/20/2015,Quarter3,sweing,Tuesday,11,0.7,14.89,1501.0,10260.0,50.0,0.0,0,0,57.0,0.70017
1/20/2015,Quarter3,sweing,Tuesday,5,0.7,20.4,1352.0,10260.0,50.0,0.0,0,0,57.0,0.700064
1/20/2015,Quarter3,finishing ,Tuesday,8,0.8,2.9,,1440.0,0.0,0.0,0,0,8.0,0.639867
1/20/2015,Quarter3,sweing,Tuesday,12,0.5,15.26,1352.0,3720.0,23.0,0.0,0,0,34.0,0.50029
1/20/2015,Quarter3,sweing,Tuesday,7,0.35,22.94,1450.0,10080.0,30.0,0.0,0,0,56.0,0.400333
1/20/2015,Quarter3,finishing ,Tuesday,11,0.7,4.15,,2700.0,0.0,0.0,0,0,15.0,0.362667
1/21/2015,Quarter3,finishing ,Wednesday,4,0.75,4.3,,6000.0,0.0,0.0,0,0,20.0,0.978526
1/21/2015,Quarter3,finishing ,Wednesday,2,0.7,3.94,,5100.0,0.0,0.0,0,0,17.0,0.912202
1/21/2015,Quarter3,sweing,Wednesday,4,0.75,22.52,825.0,10080.0,94.0,0.0,0,0,56.0,0.900556
1/21/2015,Quarter3,sweing,Wednesday,6,0.8,11.61,916.0,5760.0,75.0,0.0,0,0,89.0,0.850411
1/21/2015,Quarter3,finishing ,Wednesday,9,0.8,3.94,,2400.0,0.0,0.0,0,0,8.0,0.827147
1/21/2015,Quarter3,sweing,Wednesday,8,0.8,25.9,562.0,7470.0,38.0,0.0,0,0,56.5,0.800437
1/21/2015,Quarter3,sweing,Wednesday,2,0.7,22.94,1422.0,10500.0,60.0,0.0,0,0,57.0,0.800416
1/21/2015,Quarter3,sweing,Wednesday,10,0.7,22.52,1206.0,10080.0,75.0,0.0,0,0,56.0,0.800021
1/21/2015,Quarter3,finishing ,Wednesday,5,0.7,4.15,,2400.0,0.0,0.0,0,0,8.0,0.758173
1/21/2015,Quarter3,sweing,Wednesday,5,0.7,20.4,1404.0,10440.0,50.0,0.0,0,0,58.0,0.750345
1/21/2015,Quarter3,sweing,Wednesday,3,0.7,22.52,1139.0,10260.0,63.0,0.0,0,0,57.0,0.750068
1/21/2015,Quarter3,sweing,Wednesday,11,0.7,14.89,1735.0,10260.0,50.0,0.0,0,0,57.0,0.70017
1/21/2015,Quarter3,sweing,Wednesday,1,0.65,22.94,1595.0,10260.0,34.0,0.0,0,0,57.0,0.70003
1/21/2015,Quarter3,sweing,Wednesday,12,0.6,15.26,1245.0,6360.0,23.0,0.0,0,0,34.0,0.600173
1/21/2015,Quarter3,finishing ,Wednesday,8,0.8,2.9,,2400.0,0.0,0.0,0,0,8.0,0.594872
1/21/2015,Quarter3,sweing,Wednesday,9,0.8,54.56,757.0,4140.0,29.0,0.0,0,0,58.0,0.520238
1/21/2015,Quarter3,finishing ,Wednesday,1,0.65,3.94,,2400.0,0.0,0.0,0,0,8.0,0.505128
1/21/2015,Quarter3,sweing,Wednesday,7,0.5,22.52,1720.0,10080.0,23.0,0.0,0,0,56.0,0.500241
1/21/2015,Quarter3,finishing ,Wednesday,11,0.7,4.15,,2700.0,0.0,0.0,0,0,9.0,0.470769
1/22/2015,Quarter4,finishing ,Thursday,7,0.6,3.94,,6000.0,0.0,0.0,0,0,10.0,0.957639
1/22/2015,Quarter4,finishing ,Thursday,10,0.75,3.94,,8400.0,0.0,0.0,0,0,14.0,0.940701
1/22/2015,Quarter4,sweing,Thursday,4,0.75,22.52,759.0,10080.0,81.0,0.0,0,0,56.0,0.849984
1/22/2015,Quarter4,sweing,Thursday,2,0.7,22.94,1510.0,10620.0,60.0,0.0,0,0,57.0,0.800303
1/22/2015,Quarter4,sweing,Thursday,6,0.8,11.61,955.0,6360.0,63.0,0.0,0,0,32.0,0.800192
1/22/2015,Quarter4,sweing,Thursday,10,0.75,22.52,1328.0,10080.0,55.0,0.0,0,0,56.0,0.800021
1/22/2015,Quarter4,sweing,Thursday,1,0.7,22.94,1384.0,12180.0,63.0,0.0,0,0,57.0,0.750162
1/22/2015,Quarter4,sweing,Thursday,3,0.7,22.52,1244.0,10260.0,63.0,0.0,0,0,57.0,0.750068
1/22/2015,Quarter4,finishing ,Thursday,5,0.7,4.15,,9000.0,0.0,0.0,0,0,15.0,0.742901
1/22/2015,Quarter4,sweing,Thursday,5,0.7,20.4,1480.0,10440.0,40.0,0.0,0,0,58.0,0.700251
1/22/2015,Quarter4,sweing,Thursday,11,0.7,14.89,1863.0,10260.0,50.0,0.0,0,0,57.0,0.70017
1/22/2015,Quarter4,finishing ,Thursday,4,0.75,4.3,,9000.0,0.0,0.0,0,0,15.0,0.670216
1/22/2015,Quarter4,finishing ,Thursday,1,0.7,3.94,,15000.0,0.0,0.0,0,0,25.0,0.649662
1/22/2015,Quarter4,finishing ,Thursday,2,0.7,3.94,,15000.0,0.0,0.0,0,0,25.0,0.649662
1/22/2015,Quarter4,finishing ,Thursday,6,0.8,2.9,,4800.0,0.0,0.0,0,0,8.0,0.626823
1/22/2015,Quarter4,sweing,Thursday,12,0.6,15.26,1492.0,6960.0,23.0,0.0,0,0,34.0,0.600436
1/22/2015,Quarter4,sweing,Thursday,7,0.6,22.52,1859.0,10260.0,23.0,0.0,0,0,57.0,0.600414
1/22/2015,Quarter4,sweing,Thursday,8,0.8,40.99,980.0,10770.0,30.0,0.0,0,0,56.5,0.5555
1/22/2015,Quarter4,sweing,Thursday,9,0.5,29.12,970.0,10440.0,30.0,0.0,0,0,58.0,0.500548
1/22/2015,Quarter4,finishing ,Thursday,3,0.7,3.94,,12000.0,0.0,0.0,0,0,20.0,0.460579
1/22/2015,Quarter4,finishing ,Thursday,8,0.8,2.9,,4800.0,0.0,0.0,0,0,8.0,0.397743
1/22/2015,Quarter4,finishing ,Thursday,12,0.6,4.08,,5400.0,0.0,0.0,0,0,9.0,0.327407
1/24/2015,Quarter4,finishing ,Saturday,5,0.7,4.15,,2700.0,0.0,0.0,0,0,15.0,0.966667
1/24/2015,Quarter4,finishing ,Saturday,10,0.75,3.94,,1800.0,0.0,0.0,0,0,10.0,0.937242
1/24/2015,Quarter4,finishing ,Saturday,8,0.8,2.9,,1620.0,0.0,0.0,0,0,9.0,0.910522
1/24/2015,Quarter4,sweing,Saturday,2,0.75,22.94,1606.0,10260.0,94.0,0.0,0,0,57.0,0.900648
1/24/2015,Quarter4,sweing,Saturday,4,0.75,22.52,727.0,10260.0,94.0,0.0,0,0,57.0,0.900321
1/24/2015,Quarter4,finishing ,Saturday,11,0.75,4.15,,1800.0,0.0,0.0,0,0,10.0,0.896023
1/24/2015,Quarter4,finishing ,Saturday,3,0.75,3.94,,1440.0,0.0,0.0,0,0,8.0,0.895455
1/24/2015,Quarter4,finishing ,Saturday,7,0.65,3.94,,2160.0,0.0,0.0,0,0,12.0,0.870581
1/24/2015,Quarter4,finishing ,Saturday,12,0.7,4.08,,1620.0,0.0,0.0,0,0,9.0,0.858586
1/24/2015,Quarter4,sweing,Saturday,1,0.7,22.94,1472.0,10260.0,75.0,0.0,0,0,57.0,0.800644
1/24/2015,Quarter4,sweing,Saturday,10,0.75,22.52,1332.0,10080.0,69.0,0.0,0,0,56.0,0.80063
1/24/2015,Quarter4,sweing,Saturday,6,0.8,11.61,1009.0,5640.0,63.0,0.0,0,0,32.0,0.800537
1/24/2015,Quarter4,sweing,Saturday,3,0.75,22.52,1266.0,10260.0,69.0,0.0,0,0,57.0,0.800352
1/24/2015,Quarter4,sweing,Saturday,12,0.75,15.26,1316.0,6120.0,40.0,0.0,0,0,34.0,0.750079
1/24/2015,Quarter4,sweing,Saturday,11,0.75,42.97,1282.0,10260.0,56.0,0.0,0,0,57.0,0.750041
1/24/2015,Quarter4,sweing,Saturday,5,0.7,20.4,1382.0,10440.0,50.0,0.0,0,0,58.0,0.700251
1/24/2015,Quarter4,finishing ,Saturday,4,0.75,4.3,,2160.0,0.0,0.0,0,0,12.0,0.651515
1/24/2015,Quarter4,sweing,Saturday,7,0.65,22.52,1295.0,10170.0,26.0,0.0,0,0,56.5,0.650417
1/24/2015,Quarter4,sweing,Saturday,9,0.6,29.12,925.0,6660.0,23.0,0.0,0,0,58.0,0.600125
1/24/2015,Quarter4,finishing ,Saturday,2,0.75,3.94,,1440.0,0.0,0.0,0,0,8.0,0.578314
1/24/2015,Quarter4,finishing ,Saturday,1,0.7,3.94,,1440.0,0.0,0.0,0,0,8.0,0.578314
1/24/2015,Quarter4,sweing,Saturday,8,0.35,15.09,1448.0,9360.0,23.0,0.0,0,0,52.0,0.34999
1/24/2015,Quarter4,finishing ,Saturday,9,0.6,3.94,,1440.0,0.0,0.0,0,0,8.0,0.261174
1/25/2015,Quarter4,finishing ,Sunday,5,0.7,4.15,,3060.0,0.0,0.0,0,0,17.0,0.973797
1/25/2015,Quarter4,finishing ,Sunday,2,0.75,3.94,,1440.0,0.0,0.0,0,0,8.0,0.970076
1/25/2015,Quarter4,finishing ,Sunday,1,0.7,3.94,,1440.0,0.0,0.0,0,0,8.0,0.970076
1/25/2015,Quarter4,finishing ,Sunday,3,0.75,3.94,,1620.0,0.0,0.0,0,0,9.0,0.961785
1/25/2015,Quarter4,finishing ,Sunday,10,0.75,3.94,,3420.0,0.0,0.0,0,0,19.0,0.955152
1/25/2015,Quarter4,finishing ,Sunday,4,0.75,4.3,,2160.0,0.0,0.0,0,0,12.0,0.95202
1/25/2015,Quarter4,sweing,Sunday,4,0.75,22.52,867.0,10260.0,94.0,0.0,0,0,57.0,0.900321
1/25/2015,Quarter4,sweing,Sunday,2,0.75,22.94,1636.0,10530.0,81.0,0.0,0,0,58.5,0.850224
1/25/2015,Quarter4,sweing,Sunday,1,0.7,22.94,1682.0,10530.0,75.0,0.0,0,0,58.5,0.80091
1/25/2015,Quarter4,sweing,Sunday,3,0.75,22.52,1495.0,10350.0,55.0,0.0,0,0,57.5,0.800513
1/25/2015,Quarter4,sweing,Sunday,6,0.8,11.61,1181.0,5760.0,63.0,0.0,0,0,32.0,0.800386
1/25/2015,Quarter4,sweing,Sunday,10,0.75,22.52,1413.0,10080.0,69.0,0.0,0,0,56.0,0.800021
1/25/2015,Quarter4,finishing ,Sunday,7,0.65,3.94,,2520.0,0.0,0.0,0,0,14.0,0.749188
1/25/2015,Quarter4,sweing,Sunday,7,0.7,22.52,360.0,10170.0,40.0,0.0,0,0,56.5,0.700542
1/25/2015,Quarter4,sweing,Sunday,12,0.7,15.26,1296.0,6120.0,40.0,0.0,0,0,34.0,0.700437
1/25/2015,Quarter4,sweing,Sunday,5,0.7,20.4,1217.0,10440.0,50.0,0.0,0,0,58.0,0.700251
1/25/2015,Quarter4,sweing,Sunday,9,0.65,29.12,1086.0,10440.0,26.0,0.0,0,0,58.0,0.650408
1/25/2015,Quarter4,finishing ,Sunday,12,0.7,4.08,,1620.0,0.0,0.0,0,0,9.0,0.618182
1/25/2015,Quarter4,sweing,Sunday,11,0.75,42.97,532.0,10260.0,40.0,0.0,0,0,57.0,0.591142
1/25/2015,Quarter4,sweing,Sunday,8,0.5,15.09,1557.0,720.0,23.0,0.0,0,0,52.0,0.500062
1/25/2015,Quarter4,finishing ,Sunday,8,0.8,2.9,,720.0,0.0,0.0,0,0,4.0,0.329545
1/26/2015,Quarter4,finishing ,Monday,3,0.75,3.94,,1800.0,0.0,0.0,0,0,10.0,1.059621
1/26/2015,Quarter4,finishing ,Monday,10,0.75,3.94,,3780.0,0.0,0.0,0,0,21.0,0.997792
1/26/2015,Quarter4,finishing ,Monday,4,0.75,4.3,,2160.0,0.0,0.0,0,0,12.0,0.963699
1/26/2015,Quarter4,finishing ,Monday,5,0.7,4.15,,2700.0,0.0,0.0,0,0,15.0,0.959192
1/26/2015,Quarter4,finishing ,Monday,2,0.75,3.94,,1800.0,0.0,0.0,0,0,10.0,0.910379
1/26/2015,Quarter4,finishing ,Monday,1,0.7,3.94,,1800.0,0.0,0.0,0,0,10.0,0.910379
1/26/2015,Quarter4,sweing,Monday,4,0.8,22.52,1016.0,10170.0,60.0,0.0,0,0,56.5,0.850313
1/26/2015,Quarter4,sweing,Monday,6,0.8,11.61,1072.0,5760.0,50.0,0.0,0,0,32.0,0.800386
1/26/2015,Quarter4,sweing,Monday,3,0.75,22.52,1584.0,10260.0,69.0,0.0,0,0,57.0,0.800352
1/26/2015,Quarter4,sweing,Monday,2,0.75,22.94,1764.0,10260.0,55.0,0.0,0,0,57.0,0.800034
1/26/2015,Quarter4,sweing,Monday,1,0.7,22.94,1745.0,10440.0,60.0,0.0,0,0,58.0,0.800024
1/26/2015,Quarter4,sweing,Monday,10,0.75,22.52,1250.0,10080.0,55.0,0.0,0,0,56.0,0.800021
1/26/2015,Quarter4,finishing ,Monday,12,0.7,4.08,,1620.0,0.0,0.0,0,0,9.0,0.769293
1/26/2015,Quarter4,sweing,Monday,5,0.75,20.4,1118.0,10320.0,56.0,0.0,0,0,58.0,0.750031
1/26/2015,Quarter4,sweing,Monday,9,0.7,29.12,1143.0,10440.0,40.0,0.0,0,0,58.0,0.700614
1/26/2015,Quarter4,sweing,Monday,12,0.7,15.26,1337.0,6120.0,40.0,0.0,0,0,34.0,0.700437
1/26/2015,Quarter4,finishing ,Monday,7,0.65,3.94,,1440.0,0.0,0.0,0,0,8.0,0.646307
1/26/2015,Quarter4,sweing,Monday,8,0.6,15.09,1519.0,360.0,23.0,0.0,0,0,52.0,0.600143
1/26/2015,Quarter4,sweing,Monday,11,0.35,28.08,749.0,10260.0,23.0,0.0,0,0,57.0,0.350067
1/27/2015,Quarter4,sweing,Tuesday,2,0.75,22.52,1635.0,6840.0,119.0,0.0,0,0,57.0,1.00023
1/27/2015,Quarter4,sweing,Tuesday,3,0.75,22.52,1299.0,6840.0,119.0,0.0,0,0,57.0,1.00023
1/27/2015,Quarter4,finishing ,Tuesday,10,0.8,3.94,,1440.0,0.0,0.0,0,0,12.0,0.979528
1/27/2015,Quarter4,finishing ,Tuesday,4,0.8,4.3,,1440.0,0.0,0.0,0,0,12.0,0.940625
1/27/2015,Quarter4,finishing ,Tuesday,5,0.5,4.15,,1440.0,0.0,0.0,0,0,12.0,0.926389
1/27/2015,Quarter4,sweing,Tuesday,10,0.8,22.52,1134.0,6720.0,70.0,0.0,0,0,56.0,0.90013
1/27/2015,Quarter4,finishing ,Tuesday,3,0.75,3.94,,1440.0,0.0,0.0,0,0,12.0,0.861875
1/27/2015,Quarter4,sweing,Tuesday,4,0.8,22.52,1106.0,6780.0,60.0,0.0,0,0,56.5,0.850313
1/27/2015,Quarter4,finishing ,Tuesday,8,0.65,3.94,,960.0,0.0,0.0,0,0,8.0,0.845458
1/27/2015,Quarter4,finishing ,Tuesday,12,0.7,4.15,,1080.0,0.0,0.0,0,0,9.0,0.823556
1/27/2015,Quarter4,finishing ,Tuesday,7,0.5,4.15,,960.0,0.0,0.0,0,0,8.0,0.803542
1/27/2015,Quarter4,sweing,Tuesday,1,0.75,22.94,1871.0,6960.0,55.0,0.0,0,0,58.0,0.800263
1/27/2015,Quarter4,finishing ,Tuesday,2,0.75,3.94,,1200.0,0.0,0.0,0,0,10.0,0.788
1/27/2015,Quarter4,finishing ,Tuesday,1,0.75,3.94,,1200.0,0.0,0.0,0,0,10.0,0.77815
1/27/2015,Quarter4,sweing,Tuesday,9,0.7,29.12,1294.0,6960.0,50.0,0.0,0,0,58.0,0.700386
1/27/2015,Quarter4,sweing,Tuesday,12,0.7,15.26,1462.0,4080.0,40.0,0.0,0,0,34.0,0.700165
1/27/2015,Quarter4,sweing,Tuesday,8,0.65,15.09,976.0,240.0,23.0,0.0,0,0,52.0,0.650307
1/27/2015,Quarter4,sweing,Tuesday,6,0.8,30.4,338.0,3840.0,34.0,0.0,0,0,32.0,0.622828
1/27/2015,Quarter4,finishing ,Tuesday,6,0.8,2.9,,960.0,0.0,0.0,0,0,8.0,0.6225
1/27/2015,Quarter4,sweing,Tuesday,5,0.5,20.79,1455.0,6960.0,30.0,0.0,0,0,58.0,0.500035
1/27/2015,Quarter4,sweing,Tuesday,11,0.5,48.18,1282.0,6480.0,23.0,0.0,0,0,54.0,0.370467
1/28/2015,Quarter4,sweing,Wednesday,2,0.8,22.52,1559.0,6840.0,90.0,0.0,0,0,57.0,1.00023
1/28/2015,Quarter4,sweing,Wednesday,3,0.8,22.52,1350.0,6840.0,113.0,0.0,0,0,57.0,1.00023
1/28/2015,Quarter4,finishing ,Wednesday,6,0.35,2.9,,1800.0,0.0,0.0,0,0,15.0,0.977556
1/28/2015,Quarter4,finishing ,Wednesday,1,0.75,3.94,,1200.0,0.0,0.0,0,0,10.0,0.9456
1/28/2015,Quarter4,finishing ,Wednesday,2,0.8,3.94,,1800.0,0.0,0.0,0,0,15.0,0.902222
1/28/2015,Quarter4,sweing,Wednesday,10,0.8,22.52,1175.0,6720.0,60.0,0.0,0,0,56.0,0.850532
1/28/2015,Quarter4,sweing,Wednesday,1,0.75,22.94,1868.0,6960.0,81.0,0.0,0,0,58.0,0.850362
1/28/2015,Quarter4,finishing ,Wednesday,10,0.8,3.94,,1200.0,0.0,0.0,0,0,10.0,0.840533
1/28/2015,Quarter4,sweing,Wednesday,5,0.6,20.79,1045.0,6960.0,88.0,0.0,0,0,58.0,0.800534
1/28/2015,Quarter4,sweing,Wednesday,4,0.8,22.52,1342.0,6780.0,50.0,0.0,0,0,56.5,0.80049
1/28/2015,Quarter4,finishing ,Wednesday,12,0.75,4.08,,1080.0,0.0,0.0,0,0,9.0,0.755556
1/28/2015,Quarter4,sweing,Wednesday,9,0.7,29.12,1340.0,6960.0,63.0,0.0,0,0,58.0,0.750593
1/28/2015,Quarter4,sweing,Wednesday,12,0.75,15.26,1429.0,3600.0,45.0,0.0,0,0,35.0,0.750283
1/28/2015,Quarter4,finishing ,Wednesday,4,0.8,4.3,,1440.0,0.0,0.0,0,0,12.0,0.722639
1/28/2015,Quarter4,finishing ,Wednesday,8,0.65,4.15,,960.0,0.0,0.0,0,0,8.0,0.553333
1/28/2015,Quarter4,sweing,Wednesday,11,0.5,20.1,1413.0,5880.0,46.0,0.0,0,0,54.0,0.500567
1/28/2015,Quarter4,sweing,Wednesday,8,0.7,38.09,336.0,6240.0,0.0,0.0,0,0,52.0,0.467693
1/28/2015,Quarter4,sweing,Wednesday,6,0.35,18.79,511.0,1800.0,23.0,0.0,0,0,32.0,0.437995
1/28/2015,Quarter4,finishing ,Wednesday,7,0.6,3.94,,960.0,0.0,0.0,0,0,8.0,0.406354
1/28/2015,Quarter4,sweing,Wednesday,7,0.6,23.54,958.0,6600.0,0.0,0.0,0,0,55.0,0.285333
1/28/2015,Quarter4,finishing ,Wednesday,11,0.5,2.9,,960.0,0.0,0.0,0,0,8.0,0.259375
1/29/2015,Quarter5,sweing,Thursday,2,0.8,22.52,1416.0,6840.0,113.0,0.0,0,0,57.0,1.00023
1/29/2015,Quarter5,finishing ,Thursday,4,0.8,4.3,,1200.0,0.0,0.0,0,0,10.0,0.989
1/29/2015,Quarter5,sweing,Thursday,3,0.8,22.52,1287.0,6840.0,100.0,0.0,0,0,57.0,0.950186
1/29/2015,Quarter5,sweing,Thursday,4,0.8,22.52,1444.0,6900.0,88.0,0.0,0,0,57.5,0.9008
1/29/2015,Quarter5,sweing,Thursday,10,0.8,22.52,1088.0,6720.0,88.0,0.0,0,0,56.0,0.90013
1/29/2015,Quarter5,finishing ,Thursday,6,0.5,2.9,,1200.0,0.0,0.0,0,0,10.0,0.899
1/29/2015,Quarter5,finishing ,Thursday,8,0.65,4.15,,960.0,0.0,0.0,0,0,8.0,0.877552
1/29/2015,Quarter5,finishing ,Thursday,11,0.6,2.9,,960.0,0.0,0.0,0,0,8.0,0.864583
1/29/2015,Quarter5,finishing ,Thursday,10,0.8,3.94,,1200.0,0.0,0.0,0,0,10.0,0.85695
1/29/2015,Quarter5,finishing ,Thursday,1,0.75,3.94,,1200.0,0.0,0.0,0,0,10.0,0.853667
1/29/2015,Quarter5,sweing,Thursday,1,0.75,22.94,1579.0,6960.0,81.0,0.0,0,0,58.0,0.850362
1/29/2015,Quarter5,sweing,Thursday,9,0.7,29.12,1170.0,6960.0,53.0,0.0,0,0,58.0,0.85017
1/29/2015,Quarter5,sweing,Thursday,5,0.65,20.79,1015.0,7080.0,81.0,0.0,0,0,59.0,0.800474
1/29/2015,Quarter5,finishing ,Thursday,2,0.8,3.94,,1200.0,0.0,0.0,0,0,10.0,0.773333
1/29/2015,Quarter5,sweing,Thursday,12,0.75,15.26,1436.0,4200.0,45.0,0.0,0,0,35.0,0.750647
1/29/2015,Quarter5,finishing ,Thursday,12,0.75,4.08,,1080.0,0.0,0.0,0,0,9.0,0.634667
1/29/2015,Quarter5,sweing,Thursday,11,0.6,20.1,1601.0,4320.0,46.0,0.0,0,0,51.0,0.600598
1/29/2015,Quarter5,sweing,Thursday,6,0.5,18.79,717.0,3960.0,23.0,0.0,0,0,33.0,0.500118
1/29/2015,Quarter5,finishing ,Thursday,3,0.8,3.94,,960.0,0.0,0.0,0,0,8.0,0.4925
1/29/2015,Quarter5,sweing,Thursday,7,0.65,23.54,830.0,6600.0,0.0,0.0,0,0,55.0,0.48792
1/31/2015,Quarter5,sweing,Saturday,3,0.8,22.52,1136.0,6960.0,113.0,0.0,0,0,58.0,1.000457
1/31/2015,Quarter5,sweing,Saturday,2,0.8,22.52,1397.0,6840.0,113.0,0.0,0,0,57.0,1.00023
1/31/2015,Quarter5,finishing ,Saturday,2,0.8,3.94,,1200.0,0.0,0.0,0,0,10.0,0.971867
1/31/2015,Quarter5,finishing ,Saturday,3,0.8,3.94,,960.0,0.0,0.0,0,0,8.0,0.971867
1/31/2015,Quarter5,finishing ,Saturday,4,0.8,3.94,,1200.0,0.0,0.0,0,0,10.0,0.971867
1/31/2015,Quarter5,finishing ,Saturday,10,0.8,3.94,,1200.0,0.0,0.0,0,0,10.0,0.971867
1/31/2015,Quarter5,finishing ,Saturday,1,0.75,3.94,,1800.0,0.0,0.0,0,0,15.0,0.971867
1/31/2015,Quarter5,finishing ,Saturday,9,0.75,3.94,,240.0,0.0,0.0,0,0,2.0,0.971867
1/31/2015,Quarter5,finishing ,Saturday,12,0.75,4.08,,1080.0,0.0,0.0,0,0,9.0,0.971867
1/31/2015,Quarter5,finishing ,Saturday,5,0.7,3.94,,240.0,0.0,0.0,0,0,2.0,0.971867
1/31/2015,Quarter5,finishing ,Saturday,7,0.7,3.94,,1200.0,0.0,0.0,0,0,10.0,0.971867
1/31/2015,Quarter5,finishing ,Saturday,8,0.65,3.94,,960.0,0.0,0.0,0,0,8.0,0.971867
1/31/2015,Quarter5,finishing ,Saturday,11,0.65,3.94,,600.0,0.0,0.0,0,0,5.0,0.971867
1/31/2015,Quarter5,finishing ,Saturday,6,0.6,3.94,,1200.0,0.0,0.0,0,0,10.0,0.971867
1/31/2015,Quarter5,sweing,Saturday,10,0.8,22.52,1116.0,6720.0,93.0,0.0,0,0,56.0,0.920237
1/31/2015,Quarter5,sweing,Saturday,4,0.8,22.52,1432.0,6660.0,88.0,0.0,0,0,57.5,0.900537
1/31/2015,Quarter5,sweing,Saturday,9,0.75,29.12,1082.0,6840.0,81.0,0.0,0,0,57.0,0.850611
1/31/2015,Quarter5,sweing,Saturday,1,0.75,22.94,1502.0,6960.0,81.0,0.0,0,0,58.0,0.850362
1/31/2015,Quarter5,sweing,Saturday,12,0.75,15.26,1209.0,4200.0,45.0,0.0,0,0,35.0,0.750647
1/31/2015,Quarter5,sweing,Saturday,5,0.7,50.89,282.0,5880.0,56.0,0.0,0,0,59.0,0.656764
1/31/2015,Quarter5,sweing,Saturday,11,0.65,20.1,1417.0,6480.0,49.0,0.0,0,0,54.0,0.650148
1/31/2015,Quarter5,sweing,Saturday,6,0.6,18.79,799.0,3960.0,23.0,0.0,0,0,33.0,0.600711
1/31/2015,Quarter5,sweing,Saturday,7,0.7,23.54,1109.0,6720.0,0.0,0.0,0,0,56.0,0.38883
1/31/2015,Quarter5,sweing,Saturday,8,0.5,23.54,1144.0,6480.0,0.0,0.0,0,0,54.0,0.286985
2/1/2015,Quarter1,finishing ,Sunday,8,0.65,4.15,,960.0,0.0,0.0,0,0,8.0,1.011562
2/1/2015,Quarter1,sweing,Sunday,2,0.8,22.52,1396.0,6900.0,113.0,0.0,0,0,57.5,1.000671
2/1/2015,Quarter1,sweing,Sunday,1,0.8,22.94,1582.0,3060.0,113.0,0.0,0,0,58.5,1.000402
2/1/2015,Quarter1,finishing ,Sunday,1,0.75,3.94,,2280.0,0.0,0.0,0,0,19.0,0.950439
2/1/2015,Quarter1,sweing,Sunday,3,0.8,22.52,1124.0,6840.0,100.0,0.0,0,0,57.0,0.950186
2/1/2015,Quarter1,finishing ,Sunday,2,0.8,3.94,,1200.0,0.0,0.0,0,0,10.0,0.912767
2/1/2015,Quarter1,finishing ,Sunday,7,0.7,3.94,,2160.0,0.0,0.0,0,0,18.0,0.892194
2/1/2015,Quarter1,finishing ,Sunday,10,0.8,3.94,,1200.0,0.0,0.0,0,0,10.0,0.8865
2/1/2015,Quarter1,sweing,Sunday,10,0.8,22.52,1282.0,6720.0,75.0,0.0,0,0,56.0,0.850532
2/1/2015,Quarter1,sweing,Sunday,4,0.8,22.52,1472.0,7020.0,60.0,0.0,0,0,58.5,0.850114
2/1/2015,Quarter1,finishing ,Sunday,4,0.8,4.3,,1440.0,0.0,0.0,0,0,12.0,0.845069
2/1/2015,Quarter1,sweing,Sunday,9,0.75,29.12,1282.0,6960.0,45.0,0.0,0,0,58.0,0.750593
2/1/2015,Quarter1,sweing,Sunday,12,0.75,15.26,1276.0,1440.0,45.0,0.0,0,0,35.0,0.750451
2/1/2015,Quarter1,finishing ,Sunday,12,0.75,4.08,,1080.0,0.0,0.0,0,0,9.0,0.702667
2/1/2015,Quarter1,sweing,Sunday,11,0.7,20.1,1192.0,6120.0,75.0,0.0,0,0,54.0,0.700509
2/1/2015,Quarter1,sweing,Sunday,6,0.65,18.79,881.0,3960.0,26.0,0.0,0,0,33.0,0.651007
2/1/2015,Quarter1,sweing,Sunday,8,0.6,24.26,1196.0,6600.0,0.0,0.0,0,0,55.0,0.466821
2/1/2015,Quarter1,sweing,Sunday,7,0.7,24.26,1400.0,6720.0,0.0,0.0,0,0,56.0,0.411554
2/1/2015,Quarter1,finishing ,Sunday,6,0.6,2.9,,1200.0,0.0,0.0,0,0,10.0,0.314167
2/2/2015,Quarter1,sweing,Monday,1,0.8,22.94,16882.0,7020.0,113.0,0.0,0,0,58.5,1.000602
2/2/2015,Quarter1,finishing ,Monday,9,0.75,3.94,,960.0,0.0,0.0,0,0,8.0,0.994271
2/2/2015,Quarter1,sweing,Monday,2,0.8,22.52,21385.0,7020.0,88.0,0.0,0,0,58.5,0.900158
2/2/2015,Quarter1,sweing,Monday,3,0.8,22.52,21266.0,6840.0,70.0,0.0,0,0,57.0,0.900142
2/2/2015,Quarter1,sweing,Monday,10,0.8,22.52,21540.0,6720.0,88.0,0.0,0,0,56.0,0.90013
2/2/2015,Quarter1,finishing ,Monday,10,0.8,3.94,,1200.0,0.0,0.0,0,0,10.0,0.85695
2/2/2015,Quarter1,finishing ,Monday,4,0.8,4.3,,1440.0,0.0,0.0,0,0,12.0,0.809236
2/2/2015,Quarter1,sweing,Monday,12,0.8,15.26,12261.0,3600.0,63.0,0.0,0,0,35.0,0.800402
2/2/2015,Quarter1,sweing,Monday,4,0.8,22.52,23122.0,5940.0,50.0,0.0,0,0,56.5,0.800393
2/2/2015,Quarter1,sweing,Monday,9,0.75,29.12,8992.0,6960.0,55.0,0.0,0,0,58.0,0.799963
2/2/2015,Quarter1,finishing ,Monday,12,0.75,4.08,,1080.0,0.0,0.0,0,0,9.0,0.740444
2/2/2015,Quarter1,sweing,Monday,11,0.7,20.55,9792.0,6480.0,60.0,0.0,0,0,54.0,0.700398
2/2/2015,Quarter1,sweing,Monday,6,0.7,18.79,2984.0,3960.0,30.0,0.0,0,0,33.0,0.700355
2/2/2015,Quarter1,finishing ,Monday,8,0.65,4.15,,960.0,0.0,0.0,0,0,8.0,0.561979
2/2/2015,Quarter1,finishing ,Monday,1,0.75,3.94,,2280.0,0.0,0.0,0,0,19.0,0.504596
2/2/2015,Quarter1,sweing,Monday,5,0.5,30.1,839.0,6960.0,0.0,0.0,0,0,58.0,0.500802
2/2/2015,Quarter1,sweing,Monday,7,0.7,24.26,2698.0,6720.0,0.0,0.0,0,0,56.0,0.295308
2/2/2015,Quarter1,finishing ,Monday,6,0.6,2.9,,1200.0,0.0,0.0,0,0,10.0,0.280333
2/2/2015,Quarter1,sweing,Monday,8,0.65,24.26,1435.0,6600.0,0.0,0.0,0,0,55.0,0.260979
2/3/2015,Quarter1,finishing ,Tuesday,2,0.8,3.94,,2400.0,0.0,0.0,0,0,20.0,1.001417
2/3/2015,Quarter1,sweing,Tuesday,1,0.8,22.52,1500.0,6900.0,113.0,0.0,0,0,57.5,1.000019
2/3/2015,Quarter1,sweing,Tuesday,10,0.8,22.52,1188.0,6720.0,90.0,0.0,0,0,56.0,0.999995
2/3/2015,Quarter1,finishing ,Tuesday,1,0.8,3.94,,1200.0,0.0,0.0,0,0,10.0,0.99485
2/3/2015,Quarter1,finishing ,Tuesday,8,0.7,4.15,,960.0,0.0,0.0,0,0,8.0,0.976979
2/3/2015,Quarter1,sweing,Tuesday,3,0.8,22.52,1112.0,6840.0,100.0,0.0,0,0,57.0,0.950186
2/3/2015,Quarter1,sweing,Tuesday,2,0.8,22.52,1452.0,6960.0,100.0,0.0,0,0,58.0,0.949982
2/3/2015,Quarter1,finishing ,Tuesday,9,0.75,3.94,,1320.0,0.0,0.0,0,0,11.0,0.919955
2/3/2015,Quarter1,sweing,Tuesday,4,0.8,22.52,340.0,5460.0,63.0,0.0,0,0,56.5,0.800435
2/3/2015,Quarter1,sweing,Tuesday,12,0.8,15.26,1029.0,2040.0,50.0,0.0,0,0,35.0,0.800259
2/3/2015,Quarter1,finishing ,Tuesday,12,0.8,4.08,,1080.0,0.0,0.0,0,0,9.0,0.778222
2/3/2015,Quarter1,sweing,Tuesday,9,0.75,29.12,1070.0,6960.0,34.0,0.0,0,0,58.0,0.750593
2/3/2015,Quarter1,sweing,Tuesday,11,0.7,25.31,946.0,5760.0,60.0,0.0,0,0,54.0,0.700514
2/3/2015,Quarter1,sweing,Tuesday,6,0.7,18.79,913.0,4020.0,30.0,0.0,0,0,33.5,0.700185
2/3/2015,Quarter1,sweing,Tuesday,8,0.7,24.26,1363.0,6660.0,0.0,0.0,0,0,55.5,0.586465
2/3/2015,Quarter1,sweing,Tuesday,7,0.7,24.26,1639.0,6720.0,0.0,0.0,0,0,56.0,0.541518
2/3/2015,Quarter1,finishing ,Tuesday,4,0.8,4.3,,1440.0,0.0,0.0,0,0,12.0,0.5375
2/3/2015,Quarter1,finishing ,Tuesday,6,0.7,2.9,,960.0,0.0,0.0,0,0,8.0,0.495417
2/3/2015,Quarter1,sweing,Tuesday,5,0.6,30.1,415.0,6960.0,0.0,0.0,0,0,58.0,0.415172
2/4/2015,Quarter1,sweing,Wednesday,2,0.8,22.52,1263.0,6900.0,100.0,0.0,0,0,57.5,1.050281
2/4/2015,Quarter1,sweing,Wednesday,3,0.8,22.52,968.0,6840.0,113.0,0.0,0,0,57.0,1.00023
2/4/2015,Quarter1,sweing,Wednesday,10,0.8,22.52,1108.0,6720.0,113.0,0.0,0,0,56.0,0.999995
2/4/2015,Quarter1,finishing,Wednesday,2,0.8,3.94,,2160.0,0.0,0.0,0,0,18.0,0.966759
2/4/2015,Quarter1,finishing,Wednesday,1,0.8,3.94,,1200.0,0.0,0.0,0,0,10.0,0.929183
2/4/2015,Quarter1,finishing,Wednesday,8,0.7,4.15,,3000.0,0.0,0.0,0,0,25.0,0.915767
2/4/2015,Quarter1,sweing,Wednesday,1,0.8,22.52,1532.0,6900.0,88.0,0.0,0,0,57.5,0.900147
2/4/2015,Quarter1,sweing,Wednesday,12,0.8,15.26,1094.0,4080.0,38.0,0.0,0,0,34.0,0.800402
2/4/2015,Quarter1,sweing,Wednesday,9,0.8,22.52,1086.0,6960.0,50.0,0.0,0,0,58.0,0.799963
2/4/2015,Quarter1,finishing,Wednesday,7,0.7,3.94,,960.0,0.0,0.0,0,0,8.0,0.779792
2/4/2015,Quarter1,finishing,Wednesday,9,0.75,3.94,,960.0,0.0,0.0,0,0,8.0,0.755167
2/4/2015,Quarter1,sweing,Wednesday,6,0.7,18.79,941.0,3360.0,30.0,0.0,0,0,33.0,0.70071
2/4/2015,Quarter1,sweing,Wednesday,7,0.7,24.26,1471.0,6960.0,0.0,0.0,0,0,58.0,0.700612
2/4/2015,Quarter1,sweing,Wednesday,11,0.7,10.05,1042.0,6120.0,60.0,0.0,0,0,53.0,0.700279
2/4/2015,Quarter1,sweing,Wednesday,8,0.7,29.12,1248.0,6840.0,0.0,0.0,0,0,57.0,0.700135
2/4/2015,Quarter1,finishing ,Wednesday,12,0.8,4.08,,1080.0,0.0,0.0,0,0,9.0,0.687556
2/4/2015,Quarter1,sweing,Wednesday,5,0.65,30.1,326.0,5820.0,0.0,90.0,10,0,58.5,0.650835
2/4/2015,Quarter1,finishing,Wednesday,6,0.7,2.9,,960.0,0.0,0.0,0,0,8.0,0.531667
2/4/2015,Quarter1,sweing,Wednesday,4,0.35,30.1,287.0,6060.0,23.0,150.0,15,0,55.5,0.350706
2/5/2015,Quarter1,sweing,Thursday,2,0.8,22.52,1300.0,6780.0,113.0,0.0,0,0,56.5,1.000446
2/5/2015,Quarter1,sweing,Thursday,1,0.8,22.52,1485.0,6900.0,113.0,0.0,0,0,57.5,1.000019
2/5/2015,Quarter1,sweing,Thursday,10,0.8,22.52,1039.0,6720.0,113.0,0.0,0,0,56.0,0.999995
2/5/2015,Quarter1,finishing,Thursday,2,0.8,3.94,,2640.0,0.0,0.0,0,0,22.0,0.999924
2/5/2015,Quarter1,sweing,Thursday,3,0.8,22.52,1063.0,6840.0,100.0,0.0,0,0,57.0,0.950186
2/5/2015,Quarter1,finishing,Thursday,6,0.7,2.9,,960.0,0.0,0.0,0,0,8.0,0.9425
2/5/2015,Quarter1,finishing,Thursday,12,0.8,4.08,,1080.0,0.0,0.0,0,0,9.0,0.906667
2/5/2015,Quarter1,finishing,Thursday,7,0.7,3.94,,1200.0,0.0,0.0,0,0,10.0,0.8471
2/5/2015,Quarter1,finishing,Thursday,1,0.8,3.94,,1440.0,0.0,0.0,0,0,12.0,0.845458
2/5/2015,Quarter1,sweing,Thursday,12,0.8,15.26,1083.0,720.0,38.0,0.0,0,0,34.0,0.800613
2/5/2015,Quarter1,sweing,Thursday,9,0.8,29.12,1069.0,6960.0,50.0,0.0,0,0,58.0,0.799963
2/5/2015,Quarter1,finishing,Thursday,10,0.8,3.94,,960.0,0.0,0.0,0,0,8.0,0.771583
2/5/2015,Quarter1,sweing,Thursday,11,0.75,10.05,668.0,2520.0,34.0,0.0,0,0,26.0,0.7504
2/5/2015,Quarter1,sweing,Thursday,6,0.7,18.79,766.0,2760.0,30.0,0.0,0,0,33.0,0.700079
2/5/2015,Quarter1,sweing,Thursday,5,0.7,30.1,557.0,6960.0,0.0,0.0,0,0,58.0,0.562213
2/5/2015,Quarter1,sweing,Thursday,7,0.07,24.26,1608.0,6960.0,0.0,0.0,0,0,58.0,0.522845
2/5/2015,Quarter1,sweing,Thursday,4,0.5,30.1,417.0,6360.0,23.0,0.0,0,1,53.0,0.50072
2/5/2015,Quarter1,sweing,Thursday,8,0.7,24.26,1167.0,6840.0,0.0,0.0,0,0,57.0,0.49655
2/7/2015,Quarter1,finishing,Saturday,2,0.8,3.94,,3000.0,0.0,0.0,0,0,25.0,1.050667
2/7/2015,Quarter1,sweing,Saturday,2,0.8,22.52,1186.0,6900.0,113.0,0.0,0,0,58.0,1.000019
2/7/2015,Quarter1,sweing,Saturday,3,0.8,22.52,1060.0,6840.0,100.0,0.0,0,0,57.0,0.950186
2/7/2015,Quarter1,sweing,Saturday,1,0.8,22.52,1534.0,6780.0,88.0,0.0,0,0,57.0,0.900136
2/7/2015,Quarter1,sweing,Saturday,10,0.8,22.52,1142.0,6720.0,88.0,0.0,0,0,56.0,0.90013
2/7/2015,Quarter1,finishing,Saturday,12,0.8,4.08,,1080.0,0.0,0.0,0,0,9.0,0.899111
2/7/2015,Quarter1,finishing,Saturday,1,0.8,3.94,,1200.0,0.0,0.0,0,0,10.0,0.870083
2/7/2015,Quarter1,finishing,Saturday,6,0.75,2.9,,960.0,0.0,0.0,0,0,8.0,0.845833
2/7/2015,Quarter1,sweing,Saturday,12,0.8,15.26,1021.0,4080.0,63.0,0.0,0,0,34.0,0.800402
2/7/2015,Quarter1,sweing,Saturday,9,0.8,29.12,829.0,6960.0,50.0,0.0,0,0,58.0,0.799963
2/7/2015,Quarter1,finishing,Saturday,9,0.8,3.94,,960.0,0.0,0.0,0,0,8.0,0.771583
2/7/2015,Quarter1,sweing,Saturday,6,0.75,18.79,813.0,1560.0,34.0,0.0,0,0,33.0,0.75052
2/7/2015,Quarter1,sweing,Saturday,11,0.75,10.05,677.0,3240.0,45.0,0.0,0,0,27.0,0.750028
2/7/2015,Quarter1,finishing,Saturday,7,0.7,3.94,,1200.0,0.0,0.0,0,0,10.0,0.715767
2/7/2015,Quarter1,sweing,Saturday,7,0.7,24.26,658.0,6960.0,0.0,270.0,45,0,58.0,0.66227
2/7/2015,Quarter1,sweing,Saturday,4,0.6,30.1,486.0,6780.0,30.0,0.0,0,1,57.0,0.600224
2/7/2015,Quarter1,sweing,Saturday,5,0.7,30.1,687.0,7500.0,0.0,0.0,0,0,59.0,0.545658
2/7/2015,Quarter1,finishing,Saturday,4,0.8,4.3,,960.0,0.0,0.0,0,0,8.0,0.447917
2/7/2015,Quarter1,sweing,Saturday,8,0.7,24.26,652.0,6840.0,0.0,300.0,37,0,57.0,0.365319
2/8/2015,Quarter2,sweing,Sunday,2,0.8,22.52,1233.0,6900.0,113.0,0.0,0,0,57.5,1.000019
2/8/2015,Quarter2,finishing,Sunday,7,0.7,4.15,,1440.0,0.0,0.0,0,0,12.0,0.928681
2/8/2015,Quarter2,sweing,Sunday,10,0.8,22.52,1388.0,6720.0,88.0,0.0,0,0,56.0,0.9008
2/8/2015,Quarter2,sweing,Sunday,1,0.8,22.52,1615.0,6780.0,88.0,0.0,0,0,56.5,0.900136
2/8/2015,Quarter2,sweing,Sunday,3,0.8,22.52,1283.0,6720.0,88.0,0.0,0,0,56.0,0.90013
2/8/2015,Quarter2,finishing,Sunday,1,0.8,3.94,,1200.0,0.0,0.0,0,0,10.0,0.893067
2/8/2015,Quarter2,finishing,Sunday,12,0.8,4.08,,1080.0,0.0,0.0,0,0,9.0,0.891556
2/8/2015,Quarter2,finishing,Sunday,2,0.8,3.94,,2160.0,0.0,0.0,0,0,18.0,0.875556
2/8/2015,Quarter2,finishing,Sunday,8,0.7,4.15,,1800.0,0.0,0.0,0,0,15.0,0.840889
2/8/2015,Quarter2,sweing,Sunday,12,0.8,15.26,1026.0,2880.0,63.0,0.0,0,0,34.0,0.800355
2/8/2015,Quarter2,sweing,Sunday,9,0.8,29.12,909.0,6960.0,50.0,0.0,0,0,58.0,0.799963
2/8/2015,Quarter2,sweing,Sunday,6,0.75,18.79,670.0,3960.0,34.0,0.0,0,0,33.0,0.750651
2/8/2015,Quarter2,sweing,Sunday,11,0.75,10.05,629.0,3240.0,45.0,0.0,0,0,27.0,0.750028
2/8/2015,Quarter2,sweing,Sunday,5,0.7,30.1,754.0,7020.0,0.0,0.0,0,0,58.5,0.700618
2/8/2015,Quarter2,finishing,Sunday,6,0.75,2.9,,960.0,0.0,0.0,0,0,8.0,0.610208
2/8/2015,Quarter2,finishing,Sunday,9,0.8,3.94,,960.0,0.0,0.0,0,0,8.0,0.607417
2/8/2015,Quarter2,sweing,Sunday,4,0.65,30.1,712.0,6780.0,44.0,0.0,0,1,56.5,0.56826
2/8/2015,Quarter2,sweing,Sunday,7,0.7,24.26,148.0,6960.0,0.0,0.0,0,0,58.0,0.355534
2/8/2015,Quarter2,sweing,Sunday,8,0.7,24.26,154.0,6840.0,0.0,0.0,0,0,57.0,0.35326
2/9/2015,Quarter2,finishing,Monday,2,0.8,3.94,,2160.0,0.0,0.0,0,0,18.0,1.057963
2/9/2015,Quarter2,finishing,Monday,1,0.8,3.94,,1200.0,0.0,0.0,0,0,10.0,0.962017
2/9/2015,Quarter2,sweing,Monday,10,0.8,22.52,1127.0,120.0,88.0,0.0,0,0,56.0,0.9008
2/9/2015,Quarter2,sweing,Monday,1,0.8,22.52,1506.0,3600.0,70.0,0.0,0,0,57.0,0.900509
2/9/2015,Quarter2,sweing,Monday,2,0.8,22.52,1413.0,360.0,70.0,0.0,0,0,57.0,0.900478
2/9/2015,Quarter2,finishing,Monday,6,0.75,2.9,,960.0,0.0,0.0,0,0,8.0,0.888125
2/9/2015,Quarter2,sweing,Monday,12,0.8,15.26,970.0,4080.0,63.0,0.0,0,0,34.0,0.800402
2/9/2015,Quarter2,sweing,Monday,3,0.8,22.52,1271.0,5400.0,50.0,0.0,0,0,57.0,0.800161
2/9/2015,Quarter2,sweing,Monday,9,0.8,29.12,1073.0,6960.0,50.0,0.0,0,0,58.0,0.799963
2/9/2015,Quarter2,sweing,Monday,4,0.7,30.1,767.0,3300.0,50.0,0.0,0,1,57.0,0.790003
2/9/2015,Quarter2,sweing,Monday,11,0.75,10.05,103.0,0.0,45.0,0.0,0,0,54.0,0.750648
2/9/2015,Quarter2,finishing,Monday,8,0.35,4.15,,1800.0,0.0,0.0,0,0,15.0,0.707111
2/9/2015,Quarter2,sweing,Monday,5,0.7,30.1,773.0,7020.0,40.0,0.0,0,0,58.0,0.700618
2/9/2015,Quarter2,finishing,Monday,9,0.8,3.94,,960.0,0.0,0.0,0,0,8.0,0.697708
2/9/2015,Quarter2,sweing,Monday,6,0.75,18.79,708.0,4080.0,0.0,0.0,0,0,34.0,0.612517
2/9/2015,Quarter2,sweing,Monday,7,0.35,30.1,842.0,6960.0,0.0,0.0,0,1,58.0,0.350302
2/9/2015,Quarter2,sweing,Monday,8,0.35,30.1,901.0,6960.0,0.0,0.0,0,1,58.0,0.350302
2/9/2015,Quarter2,finishing,Monday,12,0.8,4.08,,1080.0,0.0,0.0,0,0,9.0,0.272
2/10/2015,Quarter2,finishing,Tuesday,12,0.8,4.08,,1080.0,0.0,0.0,0,0,9.0,1.004889
2/10/2015,Quarter2,finishing,Tuesday,2,0.8,3.94,,2160.0,0.0,0.0,0,0,18.0,0.966759
2/10/2015,Quarter2,sweing,Tuesday,10,0.8,22.52,1268.0,0.0,88.0,0.0,0,0,56.0,0.900632
2/10/2015,Quarter2,sweing,Tuesday,1,0.8,22.52,1546.0,0.0,88.0,0.0,0,0,57.0,0.900471
2/10/2015,Quarter2,sweing,Tuesday,3,0.8,22.52,813.0,0.0,88.0,0.0,0,0,57.0,0.900471
2/10/2015,Quarter2,sweing,Tuesday,2,0.8,22.52,1512.0,0.0,88.0,0.0,0,0,57.0,0.899984
2/10/2015,Quarter2,finishing,Tuesday,1,0.8,3.94,,1440.0,0.0,0.0,0,0,12.0,0.853667
2/10/2015,Quarter2,sweing,Tuesday,9,0.8,29.12,1263.0,2160.0,38.0,0.0,0,0,58.0,0.8008
2/10/2015,Quarter2,sweing,Tuesday,12,0.8,15.26,900.0,4080.0,50.0,0.0,0,0,34.0,0.800402
2/10/2015,Quarter2,finishing,Tuesday,4,0.7,4.15,,1800.0,0.0,0.0,0,0,15.0,0.796756
2/10/2015,Quarter2,sweing,Tuesday,6,0.75,18.79,640.0,2400.0,0.0,0.0,0,0,34.0,0.750797
2/10/2015,Quarter2,sweing,Tuesday,11,0.8,10.05,13.0,3240.0,34.0,0.0,0,0,54.0,0.750648
2/10/2015,Quarter2,sweing,Tuesday,5,0.75,30.1,855.0,7020.0,45.0,0.0,0,0,58.0,0.750356
2/10/2015,Quarter2,finishing,Tuesday,8,0.35,4.15,,960.0,0.0,0.0,0,0,8.0,0.703771
2/10/2015,Quarter2,sweing,Tuesday,4,0.7,30.1,855.0,7020.0,40.0,0.0,0,1,58.0,0.700618
2/10/2015,Quarter2,finishing,Tuesday,9,0.8,3.94,,960.0,0.0,0.0,0,0,8.0,0.6895
2/10/2015,Quarter2,finishing,Tuesday,6,0.75,2.9,,960.0,0.0,0.0,0,0,8.0,0.628333
2/10/2015,Quarter2,sweing,Tuesday,7,0.5,30.1,1025.0,6960.0,23.0,0.0,0,1,58.0,0.500802
2/10/2015,Quarter2,sweing,Tuesday,8,0.5,30.1,1061.0,6960.0,30.0,0.0,0,1,58.0,0.393549
2/11/2015,Quarter2,finishing,Wednesday,4,0.7,4.15,,1800.0,0.0,0.0,0,0,15.0,1.033156
2/11/2015,Quarter2,finishing,Wednesday,12,0.8,4.08,,1080.0,0.0,0.0,0,0,9.0,1.02
2/11/2015,Quarter2,sweing,Wednesday,2,0.8,22.52,1557.0,0.0,90.0,0.0,0,0,57.5,1.000345
2/11/2015,Quarter2,sweing,Wednesday,1,0.8,22.52,1498.0,0.0,113.0,0.0,0,0,57.0,1.000066
2/11/2015,Quarter2,finishing,Wednesday,8,0.35,4.15,,1440.0,0.0,0.0,0,0,12.0,0.994375
2/11/2015,Quarter2,finishing,Wednesday,2,0.8,3.94,,2160.0,0.0,0.0,0,0,18.0,0.912037
2/11/2015,Quarter2,finishing,Wednesday,5,0.7,4.15,,240.0,0.0,0.0,0,0,2.0,0.87
2/11/2015,Quarter2,sweing,Wednesday,10,0.8,22.52,598.0,0.0,75.0,0.0,0,0,56.0,0.850365
2/11/2015,Quarter2,sweing,Wednesday,6,0.8,18.79,656.0,3480.0,38.0,0.0,0,0,34.0,0.800947
2/11/2015,Quarter2,sweing,Wednesday,12,0.8,15.26,854.0,4080.0,50.0,0.0,0,0,34.0,0.800402
2/11/2015,Quarter2,sweing,Wednesday,9,0.8,29.12,609.0,3240.0,50.0,0.0,0,0,58.0,0.800144
2/11/2015,Quarter2,sweing,Wednesday,5,0.75,30.1,788.0,7380.0,56.0,0.0,0,0,59.5,0.750406
2/11/2015,Quarter2,sweing,Wednesday,8,0.6,30.1,1069.0,4560.0,30.0,0.0,0,1,58.0,0.71441
2/11/2015,Quarter2,sweing,Wednesday,4,0.7,30.1,667.0,5940.0,40.0,0.0,0,1,59.5,0.700588
2/11/2015,Quarter2,finishing,Wednesday,1,0.8,3.94,,1440.0,0.0,0.0,0,0,12.0,0.618361
2/11/2015,Quarter2,sweing,Wednesday,7,0.6,30.1,829.0,3360.0,23.0,0.0,0,1,58.0,0.600071
2/11/2015,Quarter2,finishing,Wednesday,9,0.8,3.94,,960.0,0.0,0.0,0,0,8.0,0.54175
2/11/2015,Quarter2,sweing,Wednesday,3,0.8,22.52,11.0,6840.0,0.0,0.0,0,1,57.0,0.536902
2/11/2015,Quarter2,sweing,Wednesday,11,0.35,11.41,434.0,3240.0,0.0,0.0,0,1,52.0,0.507903
2/12/2015,Quarter2,sweing,Thursday,1,0.8,22.52,1397.0,0.0,138.0,0.0,0,0,57.0,1.100484
2/12/2015,Quarter2,finishing,Thursday,4,0.7,4.15,,1800.0,0.0,0.0,0,0,15.0,1.096633
2/12/2015,Quarter2,sweing,Thursday,2,0.8,22.52,1327.0,0.0,113.0,0.0,0,0,57.5,1.000345
2/12/2015,Quarter2,finishing,Thursday,12,0.8,4.08,,1080.0,0.0,0.0,0,0,9.0,0.838667
2/12/2015,Quarter2,sweing,Thursday,12,0.8,15.26,894.0,4080.0,50.0,0.0,0,0,34.0,0.800402
2/12/2015,Quarter2,finishing,Thursday,8,0.35,4.15,,1440.0,0.0,0.0,0,0,12.0,0.755486
2/12/2015,Quarter2,sweing,Thursday,5,0.75,30.1,610.0,7080.0,56.0,0.0,0,0,59.0,0.750799
2/12/2015,Quarter2,sweing,Thursday,6,0.8,18.79,779.0,3960.0,0.0,0.0,0,0,33.0,0.688018
2/12/2015,Quarter2,finishing,Thursday,1,0.8,3.94,,1440.0,0.0,0.0,0,0,12.0,0.664875
2/12/2015,Quarter2,finishing,Thursday,9,0.8,3.94,,960.0,0.0,0.0,0,0,8.0,0.656667
2/12/2015,Quarter2,sweing,Thursday,4,0.7,30.1,419.0,7080.0,0.0,0.0,0,1,59.0,0.637712
2/12/2015,Quarter2,finishing,Thursday,2,0.8,3.94,,2160.0,0.0,0.0,0,0,18.0,0.601944
2/12/2015,Quarter2,finishing,Thursday,5,0.7,4.15,,240.0,0.0,0.0,0,0,2.0,0.58
2/12/2015,Quarter2,sweing,Thursday,7,0.65,30.1,909.0,7080.0,0.0,0.0,0,1,59.0,0.535678
2/12/2015,Quarter2,sweing,Thursday,11,0.5,11.41,1039.0,2280.0,0.0,0.0,0,2,55.0,0.500123
2/12/2015,Quarter2,sweing,Thursday,9,0.8,29.12,14.0,6960.0,0.0,0.0,0,0,58.0,0.497885
2/12/2015,Quarter2,sweing,Thursday,8,0.65,30.1,1193.0,7080.0,0.0,0.0,0,1,59.0,0.463404
2/12/2015,Quarter2,sweing,Thursday,10,0.8,22.52,10.0,6000.0,0.0,0.0,0,0,50.0,0.441392
2/12/2015,Quarter2,sweing,Thursday,3,0.35,30.1,770.0,6960.0,0.0,0.0,0,1,58.0,0.350302
2/14/2015,Quarter2,sweing,Saturday,1,0.8,22.52,1416.0,6840.0,113.0,0.0,0,0,57.0,1.00023
2/14/2015,Quarter2,finishing,Saturday,7,0.7,4.15,,1800.0,0.0,0.0,0,0,15.0,0.929278
2/14/2015,Quarter2,finishing,Saturday,4,0.75,4.15,,2400.0,0.0,0.0,0,0,20.0,0.902917
2/14/2015,Quarter2,finishing,Saturday,12,0.8,4.08,,1080.0,0.0,0.0,0,0,9.0,0.800889
2/14/2015,Quarter2,sweing,Saturday,12,0.8,15.26,942.0,4080.0,63.0,0.0,0,0,34.0,0.800402
2/14/2015,Quarter2,sweing,Saturday,2,0.8,22.52,674.0,3660.0,63.0,0.0,0,0,57.0,0.800375
2/14/2015,Quarter2,finishing,Saturday,1,0.8,3.94,,1440.0,0.0,0.0,0,0,12.0,0.796208
2/14/2015,Quarter2,sweing,Saturday,4,0.75,30.1,481.0,7140.0,0.0,0.0,0,1,59.0,0.750392
2/14/2015,Quarter2,sweing,Saturday,5,0.75,30.1,664.0,7140.0,56.0,0.0,0,0,59.0,0.750392
2/14/2015,Quarter2,finishing,Saturday,8,0.7,4.15,,960.0,0.0,0.0,0,0,8.0,0.725625
2/14/2015,Quarter2,sweing,Saturday,8,0.7,30.1,824.0,5160.0,0.0,0.0,0,1,60.0,0.700206
2/14/2015,Quarter2,sweing,Saturday,7,0.7,30.1,957.0,7200.0,0.0,0.0,0,1,60.0,0.602
2/14/2015,Quarter2,sweing,Saturday,11,0.6,11.41,1039.0,2280.0,23.0,0.0,0,2,55.0,0.600448
2/14/2015,Quarter2,sweing,Saturday,6,0.8,18.79,822.0,4080.0,0.0,0.0,0,0,34.0,0.557252
2/14/2015,Quarter2,sweing,Saturday,3,0.5,30.1,1261.0,6960.0,30.0,0.0,0,1,58.0,0.500802
2/14/2015,Quarter2,finishing,Saturday,6,0.8,2.9,,960.0,0.0,0.0,0,0,8.0,0.483333
2/14/2015,Quarter2,finishing,Saturday,9,0.8,3.94,,960.0,0.0,0.0,0,0,8.0,0.238042
2/15/2015,Quarter3,finishing,Sunday,1,0.8,3.94,,960.0,0.0,0.0,0,0,8.0,1.120437
2/15/2015,Quarter3,finishing,Sunday,2,0.8,3.94,,960.0,0.0,0.0,0,0,8.0,1.108125
2/15/2015,Quarter3,sweing,Sunday,1,0.8,22.52,1420.0,6840.0,113.0,0.0,0,0,57.0,1.00023
2/15/2015,Quarter3,finishing,Sunday,12,0.8,4.08,,1080.0,0.0,0.0,0,0,9.0,0.876444
2/15/2015,Quarter3,sweing,Sunday,12,0.8,15.26,1120.0,1440.0,50.0,0.0,0,0,34.0,0.800806
2/15/2015,Quarter3,finishing,Sunday,5,0.75,4.15,,240.0,0.0,0.0,0,0,2.0,0.760833
2/15/2015,Quarter3,sweing,Sunday,5,0.8,30.1,679.0,7140.0,0.0,0.0,0,0,59.5,0.722569
2/15/2015,Quarter3,finishing,Sunday,11,0.6,2.9,,1200.0,0.0,0.0,0,0,10.0,0.715333
2/15/2015,Quarter3,sweing,Sunday,7,0.7,30.1,881.0,7080.0,0.0,0.0,0,1,59.0,0.700633
2/15/2015,Quarter3,sweing,Sunday,8,0.7,30.1,507.0,5880.0,40.0,2.0,10,1,59.0,0.700573
2/15/2015,Quarter3,sweing,Sunday,6,0.75,18.79,814.0,4080.0,0.0,0.0,0,0,34.0,0.681598
2/15/2015,Quarter3,sweing,Sunday,11,0.65,11.41,700.0,2640.0,23.0,0.0,0,2,53.0,0.650224
2/15/2015,Quarter3,finishing,Sunday,8,0.7,4.15,,960.0,0.0,0.0,0,0,8.0,0.605208
2/15/2015,Quarter3,finishing,Sunday,6,0.8,2.9,,960.0,0.0,0.0,0,0,8.0,0.604167
2/15/2015,Quarter3,sweing,Sunday,4,0.75,30.1,919.0,7140.0,0.0,0.0,0,1,59.5,0.598627
2/15/2015,Quarter3,sweing,Sunday,3,0.6,30.1,1361.0,6960.0,30.0,0.0,0,1,58.0,0.475718
2/15/2015,Quarter3,sweing,Sunday,2,0.8,22.52,12.0,6900.0,0.0,0.0,0,0,57.5,0.432123
2/15/2015,Quarter3,finishing,Sunday,4,0.75,4.15,,2400.0,0.0,0.0,0,0,20.0,0.287042
2/15/2015,Quarter3,sweing,Sunday,9,0.5,18.79,1688.0,5280.0,0.0,0.0,0,1,54.0,0.283054
2/16/2015,Quarter3,sweing,Monday,1,0.8,22.52,1422.0,6840.0,113.0,0.0,0,0,57.0,1.00023
2/16/2015,Quarter3,finishing,Monday,9,0.8,3.94,,1200.0,0.0,0.0,0,0,10.0,0.960433
2/16/2015,Quarter3,finishing,Monday,12,0.8,4.08,,1080.0,0.0,0.0,0,0,9.0,0.891556
2/16/2015,Quarter3,finishing,Monday,3,0.5,4.15,,960.0,0.0,0.0,0,0,8.0,0.864583
2/16/2015,Quarter3,sweing,Monday,3,0.65,30.1,1263.0,600.0,63.0,0.0,0,1,58.0,0.802243
2/16/2015,Quarter3,sweing,Monday,5,0.8,30.1,461.0,0.0,0.0,0.0,0,0,59.0,0.80098
2/16/2015,Quarter3,sweing,Monday,12,0.8,15.26,1079.0,3720.0,38.0,0.0,0,0,34.0,0.800312
2/16/2015,Quarter3,finishing,Monday,6,0.8,2.9,,960.0,0.0,0.0,0,0,8.0,0.773333
2/16/2015,Quarter3,sweing,Monday,6,0.75,18.79,895.0,3960.0,0.0,0.0,0,0,33.0,0.750651
2/16/2015,Quarter3,sweing,Monday,4,0.75,30.1,912.0,7020.0,0.0,0.0,0,1,58.0,0.750356
2/16/2015,Quarter3,finishing,Monday,4,0.75,4.15,,1800.0,0.0,0.0,0,0,15.0,0.722333
2/16/2015,Quarter3,sweing,Monday,7,0.7,30.1,784.0,600.0,30.0,0.0,0,1,59.0,0.70046
2/16/2015,Quarter3,finishing,Monday,5,0.75,4.15,,1200.0,0.0,0.0,0,0,10.0,0.629417
2/16/2015,Quarter3,sweing,Monday,8,0.7,30.1,7.0,7080.0,27.0,2.0,10,2,59.0,0.621972
2/16/2015,Quarter3,sweing,Monday,11,0.7,11.41,680.0,2160.0,30.0,0.0,0,2,54.0,0.565972
2/16/2015,Quarter3,sweing,Monday,10,0.6,18.22,1131.0,5280.0,0.0,0.0,0,1,44.0,0.355428
2/16/2015,Quarter3,sweing,Monday,9,0.6,18.79,2103.0,5400.0,0.0,0.0,0,1,54.0,0.329965
2/16/2015,Quarter3,finishing,Monday,7,0.7,4.15,,1800.0,0.0,0.0,0,0,15.0,0.258
2/17/2015,Quarter3,sweing,Tuesday,1,0.8,22.52,1445.0,6840.0,113.0,0.0,0,0,57.0,1.00023
2/17/2015,Quarter3,finishing,Tuesday,10,0.8,3.94,,960.0,0.0,0.0,0,0,8.0,0.927542
2/17/2015,Quarter3,finishing,Tuesday,7,0.7,5.13,,1200.0,0.0,0.0,0,0,10.0,0.91375
2/17/2015,Quarter3,finishing,Tuesday,12,0.8,5.13,,1080.0,0.0,0.0,0,0,9.0,0.9025
2/17/2015,Quarter3,sweing,Tuesday,12,0.8,15.26,1133.0,4080.0,38.0,0.0,0,0,34.0,0.800402
2/17/2015,Quarter3,finishing,Tuesday,3,0.5,5.13,,1800.0,0.0,0.0,0,0,15.0,0.7866
2/17/2015,Quarter3,sweing,Tuesday,6,0.75,18.79,726.0,3360.0,0.0,0.0,0,0,33.0,0.750621
2/17/2015,Quarter3,sweing,Tuesday,4,0.75,30.1,849.0,7020.0,45.0,0.0,0,1,58.0,0.750356
2/17/2015,Quarter3,finishing,Tuesday,6,0.8,2.9,,960.0,0.0,0.0,0,0,8.0,0.749167
2/17/2015,Quarter3,sweing,Tuesday,7,0.7,30.1,562.0,840.0,30.0,0.0,0,1,59.0,0.700888
2/17/2015,Quarter3,sweing,Tuesday,11,0.7,11.41,1054.0,3420.0,30.0,0.0,0,2,56.0,0.700614
2/17/2015,Quarter3,sweing,Tuesday,3,0.7,30.1,1422.0,6960.0,50.0,0.0,0,1,58.0,0.700603
2/17/2015,Quarter3,finishing,Tuesday,4,0.75,5.13,,960.0,0.0,0.0,0,0,8.0,0.656667
2/17/2015,Quarter3,sweing,Tuesday,5,0.8,30.1,680.0,7140.0,0.0,0.0,0,0,59.0,0.653431
2/17/2015,Quarter3,sweing,Tuesday,9,0.65,18.79,2120.0,5520.0,0.0,0.0,0,1,51.0,0.650134
2/17/2015,Quarter3,sweing,Tuesday,8,0.6,29.4,179.0,0.0,23.0,5.0,30,2,58.0,0.600983
2/17/2015,Quarter3,finishing,Tuesday,9,0.8,3.94,,960.0,0.0,0.0,0,0,8.0,0.586042
2/17/2015,Quarter3,finishing,Tuesday,2,0.8,5.13,,1800.0,0.0,0.0,0,0,15.0,0.5814
2/17/2015,Quarter3,sweing,Tuesday,2,0.5,30.33,838.0,6720.0,0.0,0.0,0,1,56.0,0.361071
2/17/2015,Quarter3,sweing,Tuesday,10,0.65,18.22,741.0,0.0,0.0,8.0,35,1,49.0,0.302117
2/18/2015,Quarter3,finishing,Wednesday,12,0.8,5.13,,1200.0,0.0,0.0,0,0,10.0,0.9918
2/18/2015,Quarter3,finishing,Wednesday,6,0.8,2.9,,1440.0,0.0,0.0,0,0,12.0,0.936861
2/18/2015,Quarter3,finishing,Wednesday,2,0.8,5.13,,1440.0,0.0,0.0,0,0,12.0,0.919125
2/18/2015,Quarter3,sweing,Wednesday,11,0.7,11.41,685.0,3360.0,30.0,0.0,0,2,56.0,0.821113
2/18/2015,Quarter3,sweing,Wednesday,4,0.8,30.1,864.0,480.0,50.0,0.0,0,1,58.0,0.80098
2/18/2015,Quarter3,sweing,Wednesday,5,0.8,30.1,511.0,0.0,0.0,0.0,0,0,59.0,0.80098
2/18/2015,Quarter3,sweing,Wednesday,12,0.8,15.26,1095.0,4080.0,63.0,0.0,0,0,34.0,0.800402
2/18/2015,Quarter3,sweing,Wednesday,1,0.8,22.52,1374.0,3960.0,63.0,0.0,0,0,57.0,0.80028
2/18/2015,Quarter3,sweing,Wednesday,6,0.75,18.79,759.0,3960.0,34.0,0.0,0,0,33.0,0.750651
2/18/2015,Quarter3,sweing,Wednesday,7,0.75,30.1,553.0,2280.0,45.0,0.0,0,1,59.0,0.750533
2/18/2015,Quarter3,finishing,Wednesday,4,0.75,5.13,,960.0,0.0,0.0,0,0,8.0,0.734646
2/18/2015,Quarter3,sweing,Wednesday,3,0.7,30.1,1057.0,0.0,40.0,0.0,0,1,58.0,0.700603
2/18/2015,Quarter3,sweing,Wednesday,9,0.7,18.79,1587.0,4560.0,30.0,0.0,0,1,51.0,0.700096
2/18/2015,Quarter3,finishing,Wednesday,7,0.7,5.13,,960.0,0.0,0.0,0,0,8.0,0.671875
2/18/2015,Quarter3,finishing,Wednesday,10,0.8,3.94,,960.0,0.0,0.0,0,0,8.0,0.64025
2/18/2015,Quarter3,finishing,Wednesday,8,0.7,5.13,,960.0,0.0,0.0,0,0,8.0,0.58
2/18/2015,Quarter3,finishing,Wednesday,9,0.8,3.94,,960.0,0.0,0.0,0,0,8.0,0.549792
2/18/2015,Quarter3,sweing,Wednesday,2,0.6,30.33,868.0,6840.0,0.0,0.0,0,1,57.0,0.328132
2/18/2015,Quarter3,sweing,Wednesday,10,0.7,19.68,1119.0,5640.0,0.0,8.0,35,1,47.0,0.303574
2/18/2015,Quarter3,finishing,Wednesday,3,0.5,5.13,,960.0,0.0,0.0,0,0,8.0,0.2565
2/18/2015,Quarter3,sweing,Wednesday,8,0.65,29.4,962.0,4560.0,0.0,4.5,30,2,57.0,0.251399
2/19/2015,Quarter3,finishing,Thursday,3,0.5,5.13,,2880.0,0.0,0.0,0,0,12.0,0.816406
2/19/2015,Quarter3,sweing,Thursday,12,0.8,15.26,1126.0,1080.0,38.0,0.0,0,0,34.0,0.800711
2/19/2015,Quarter3,sweing,Thursday,1,0.8,22.52,265.0,3840.0,63.0,0.0,0,0,57.0,0.800471
2/19/2015,Quarter3,sweing,Thursday,4,0.8,30.1,859.0,7020.0,63.0,0.0,0,1,58.5,0.800094
2/19/2015,Quarter3,sweing,Thursday,5,0.8,30.1,276.0,600.0,63.0,3.5,15,0,59.5,0.799983
2/19/2015,Quarter3,finishing,Thursday,6,0.8,2.9,,4320.0,0.0,0.0,0,0,18.0,0.785864
2/19/2015,Quarter3,sweing,Thursday,6,0.75,18.79,899.0,3960.0,56.0,0.0,0,0,33.0,0.750651
2/19/2015,Quarter3,finishing,Thursday,10,0.8,3.94,,2400.0,0.0,0.0,0,0,10.0,0.733278
2/19/2015,Quarter3,finishing,Thursday,2,0.8,5.13,,3600.0,0.0,0.0,0,0,15.0,0.710125
2/19/2015,Quarter3,sweing,Thursday,3,0.7,30.1,247.0,6960.0,50.0,0.0,0,1,58.0,0.700603
2/19/2015,Quarter3,sweing,Thursday,11,0.7,11.41,653.0,3480.0,30.0,0.0,0,2,58.0,0.70054
2/19/2015,Quarter3,sweing,Thursday,8,0.7,29.4,1116.0,6240.0,0.0,0.0,0,2,57.0,0.7
2/19/2015,Quarter3,finishing,Thursday,4,0.75,5.13,,1920.0,0.0,0.0,0,0,8.0,0.684028
2/19/2015,Quarter3,finishing,Thursday,8,0.7,5.13,,1920.0,0.0,0.0,0,0,8.0,0.672135
2/19/2015,Quarter3,sweing,Thursday,9,0.7,18.79,1603.0,6120.0,30.0,0.0,0,1,51.0,0.638614
2/19/2015,Quarter3,finishing,Thursday,5,0.75,5.13,,1920.0,0.0,0.0,0,0,8.0,0.631354
2/19/2015,Quarter3,sweing,Thursday,7,0.75,30.1,444.0,0.0,0.0,5.0,20,1,59.0,0.611141
2/19/2015,Quarter3,finishing,Thursday,12,0.8,5.13,,2160.0,0.0,0.0,0,0,9.0,0.609583
2/19/2015,Quarter3,sweing,Thursday,2,0.65,30.33,841.0,6840.0,0.0,0.0,0,1,57.0,0.585316
2/19/2015,Quarter3,sweing,Thursday,10,0.7,19.68,1410.0,5760.0,0.0,0.0,0,1,48.0,0.249417
2/22/2015,Quarter4,finishing,Sunday,3,0.5,5.13,,1800.0,0.0,0.0,0,0,15.0,0.8721
2/22/2015,Quarter4,finishing,Sunday,6,0.8,2.9,,960.0,0.0,0.0,0,0,8.0,0.831937
2/22/2015,Quarter4,finishing,Sunday,2,0.8,5.13,,4800.0,0.0,0.0,0,0,20.0,0.830063
2/22/2015,Quarter4,finishing,Sunday,11,0.6,2.9,,2880.0,0.0,0.0,0,0,12.0,0.805556
2/22/2015,Quarter4,sweing,Sunday,12,0.8,15.26,1103.0,4080.0,63.0,0.0,0,0,34.0,0.800402
2/22/2015,Quarter4,sweing,Sunday,4,0.8,30.1,922.0,5820.0,63.0,0.0,0,1,59.0,0.800003
2/22/2015,Quarter4,finishing,Sunday,12,0.8,5.13,,2400.0,0.0,0.0,0,0,10.0,0.78375
2/22/2015,Quarter4,finishing,Sunday,9,0.8,3.94,,2400.0,0.0,0.0,0,0,10.0,0.753525
2/22/2015,Quarter4,sweing,Sunday,6,0.75,18.79,1055.0,3960.0,45.0,0.0,0,0,33.0,0.750651
2/22/2015,Quarter4,finishing,Sunday,1,0.8,3.94,,2880.0,0.0,0.0,0,0,12.0,0.72735
2/22/2015,Quarter4,sweing,Sunday,8,0.7,29.4,1146.0,6840.0,40.0,0.0,0,2,57.0,0.700614
2/22/2015,Quarter4,sweing,Sunday,2,0.7,30.33,746.0,6840.0,0.0,0.0,0,1,57.0,0.700605
2/22/2015,Quarter4,sweing,Sunday,11,0.75,11.41,834.0,3480.0,0.0,0.0,0,2,58.0,0.672141
2/22/2015,Quarter4,sweing,Sunday,9,0.7,18.79,1717.0,3240.0,30.0,0.0,0,1,57.0,0.627011
2/22/2015,Quarter4,sweing,Sunday,3,0.7,30.1,1041.0,8160.0,33.0,0.0,0,2,58.0,0.626578
2/22/2015,Quarter4,sweing,Sunday,10,0.7,21.25,1531.0,6000.0,0.0,0.0,0,1,50.0,0.456875
2/22/2015,Quarter4,sweing,Sunday,7,0.75,30.1,627.0,6960.0,0.0,3.5,20,1,58.0,0.393549
2/22/2015,Quarter4,finishing,Sunday,10,0.8,3.94,,960.0,0.0,0.0,0,0,8.0,0.385792
2/22/2015,Quarter4,sweing,Sunday,5,0.8,30.1,450.0,5700.0,0.0,4.5,25,0,60.0,0.307501
2/22/2015,Quarter4,finishing,Sunday,7,0.7,5.13,,960.0,0.0,0.0,0,0,8.0,0.283958
2/23/2015,Quarter4,finishing,Monday,10,0.8,3.94,,2400.0,0.0,0.0,0,0,20.0,0.955792
2/23/2015,Quarter4,finishing,Monday,8,0.7,5.13,,960.0,0.0,0.0,0,0,8.0,0.930417
2/23/2015,Quarter4,finishing,Monday,12,0.8,5.13,,1080.0,0.0,0.0,0,0,9.0,0.9025
2/23/2015,Quarter4,finishing,Monday,3,0.8,5.13,,2160.0,0.0,0.0,0,0,18.0,0.87115
2/23/2015,Quarter4,sweing,Monday,12,0.8,15.26,1060.0,4080.0,63.0,0.0,0,0,34.0,0.800402
2/23/2015,Quarter4,sweing,Monday,4,0.8,30.1,891.0,7140.0,38.0,0.0,0,1,59.0,0.800137
2/23/2015,Quarter4,sweing,Monday,5,0.8,30.1,541.0,7140.0,38.0,0.0,0,0,59.0,0.800137
2/23/2015,Quarter4,sweing,Monday,7,0.75,30.1,709.0,6960.0,45.0,0.0,0,1,58.0,0.75077
2/23/2015,Quarter4,sweing,Monday,6,0.75,18.79,1100.0,3960.0,45.0,0.0,0,0,33.0,0.750651
2/23/2015,Quarter4,sweing,Monday,11,0.75,11.41,826.0,2820.0,0.0,0.0,0,2,58.0,0.750294
2/23/2015,Quarter4,sweing,Monday,2,0.7,30.33,577.0,2160.0,30.0,0.0,0,1,58.0,0.700623
2/23/2015,Quarter4,sweing,Monday,8,0.7,29.4,1094.0,6840.0,40.0,0.0,0,2,57.0,0.700614
2/23/2015,Quarter4,sweing,Monday,3,0.7,29.4,1228.0,6960.0,30.0,0.0,0,2,58.0,0.700362
2/23/2015,Quarter4,sweing,Monday,9,0.7,18.79,1641.0,6000.0,40.0,0.0,0,1,50.0,0.60128
2/23/2015,Quarter4,sweing,Monday,10,0.7,21.25,1583.0,6000.0,0.0,0.0,0,1,50.0,0.417917
2/23/2015,Quarter4,finishing,Monday,6,0.8,2.9,,960.0,0.0,0.0,0,0,8.0,0.371563
2/23/2015,Quarter4,finishing,Monday,9,0.8,2.9,,960.0,0.0,0.0,0,0,8.0,0.371563
2/23/2015,Quarter4,finishing,Monday,2,0.8,5.13,,960.0,0.0,0.0,0,0,8.0,0.368719
2/23/2015,Quarter4,finishing,Monday,7,0.7,5.13,,960.0,0.0,0.0,0,0,8.0,0.356458
2/24/2015,Quarter4,finishing,Tuesday,10,0.7,2.9,,1800.0,0.0,0.0,0,0,15.0,0.902222
2/24/2015,Quarter4,finishing,Tuesday,3,0.8,4.6,,1440.0,0.0,0.0,0,0,12.0,0.811389
2/24/2015,Quarter4,sweing,Tuesday,12,0.8,15.26,1062.0,4080.0,50.0,0.0,0,0,34.0,0.800402
2/24/2015,Quarter4,sweing,Tuesday,5,0.8,30.1,450.0,7140.0,50.0,0.0,0,0,60.0,0.800137
2/24/2015,Quarter4,sweing,Tuesday,4,0.8,30.1,901.0,6480.0,50.0,0.0,0,1,59.0,0.800072
2/24/2015,Quarter4,finishing,Tuesday,8,0.7,4.6,,960.0,0.0,0.0,0,0,8.0,0.791458
2/24/2015,Quarter4,sweing,Tuesday,7,0.75,30.1,739.0,5640.0,45.0,0.0,0,1,59.0,0.750727
2/24/2015,Quarter4,sweing,Tuesday,6,0.75,18.79,913.0,3360.0,45.0,0.0,0,0,33.0,0.750651
2/24/2015,Quarter4,sweing,Tuesday,11,0.75,11.61,698.0,3360.0,34.0,0.0,0,2,57.0,0.750437
2/24/2015,Quarter4,sweing,Tuesday,3,0.75,29.4,1172.0,5340.0,45.0,0.0,0,2,60.0,0.750177
2/24/2015,Quarter4,finishing,Tuesday,6,0.75,2.9,,1800.0,0.0,0.0,0,0,15.0,0.726933
2/24/2015,Quarter4,finishing,Tuesday,9,0.7,2.9,,1800.0,0.0,0.0,0,0,15.0,0.726933
2/24/2015,Quarter4,sweing,Tuesday,2,0.7,30.33,408.0,1680.0,30.0,0.0,0,1,59.0,0.700623
2/24/2015,Quarter4,sweing,Tuesday,8,0.7,29.4,1079.0,4560.0,40.0,0.0,0,2,58.0,0.700519
2/24/2015,Quarter4,sweing,Tuesday,9,0.7,18.79,1068.0,3000.0,30.0,0.0,0,1,52.0,0.700257
2/24/2015,Quarter4,finishing,Tuesday,11,0.7,2.9,,960.0,0.0,0.0,0,0,8.0,0.504687
2/24/2015,Quarter4,sweing,Tuesday,10,0.7,21.25,1834.0,6360.0,0.0,0.0,0,1,53.0,0.471108
2/24/2015,Quarter4,finishing,Tuesday,2,0.7,3.9,,960.0,0.0,0.0,0,0,8.0,0.325
2/24/2015,Quarter4,sweing,Tuesday,1,0.6,22.53,708.0,5040.0,0.0,0.0,0,1,42.0,0.268214
2/25/2015,Quarter4,sweing,Wednesday,9,0.75,18.79,1085.0,6240.0,56.0,0.0,0,1,52.0,0.970817
2/25/2015,Quarter4,finishing,Wednesday,5,0.8,4.6,,1080.0,0.0,0.0,0,0,9.0,0.902963
2/25/2015,Quarter4,finishing,Wednesday,3,0.8,4.6,,2400.0,0.0,0.0,0,0,20.0,0.900833
2/25/2015,Quarter4,finishing,Wednesday,12,0.8,4.6,,1800.0,0.0,0.0,0,0,15.0,0.899556
2/25/2015,Quarter4,finishing,Wednesday,10,0.7,2.9,,1200.0,0.0,0.0,0,0,10.0,0.845833
2/25/2015,Quarter4,sweing,Wednesday,4,0.8,30.1,323.0,4080.0,50.0,0.0,0,1,59.0,0.800809
2/25/2015,Quarter4,sweing,Wednesday,12,0.8,15.26,1053.0,4080.0,50.0,0.0,0,0,34.0,0.800402
2/25/2015,Quarter4,sweing,Wednesday,7,0.8,30.1,786.0,7080.0,50.0,0.0,0,2,59.0,0.800116
2/25/2015,Quarter4,sweing,Wednesday,6,0.75,18.79,1003.0,3960.0,45.0,0.0,0,1,33.0,0.750651
2/25/2015,Quarter4,sweing,Wednesday,11,0.75,11.61,635.0,3360.0,45.0,0.0,0,0,57.0,0.750504
2/25/2015,Quarter4,sweing,Wednesday,3,0.75,29.4,1283.0,6960.0,45.0,0.0,0,2,58.0,0.750207
2/25/2015,Quarter4,sweing,Wednesday,8,0.7,29.4,847.0,6960.0,30.0,0.0,0,1,58.0,0.700362
2/25/2015,Quarter4,sweing,Wednesday,2,0.7,30.33,361.0,3960.0,30.0,0.0,0,1,58.0,0.70007
2/25/2015,Quarter4,sweing,Wednesday,10,0.7,21.82,1653.0,6240.0,0.0,0.0,0,2,52.0,0.700058
2/25/2015,Quarter4,finishing,Wednesday,7,0.75,4.6,,960.0,0.0,0.0,0,0,8.0,0.676667
2/25/2015,Quarter4,finishing,Wednesday,8,0.7,4.6,,960.0,0.0,0.0,0,0,8.0,0.658542
2/25/2015,Quarter4,sweing,Wednesday,5,0.8,30.1,15.0,1200.0,49.0,0.0,0,1,59.0,0.598792
2/25/2015,Quarter4,sweing,Wednesday,1,0.65,22.53,762.0,5040.0,0.0,0.0,0,1,42.0,0.581131
2/25/2015,Quarter4,finishing,Wednesday,2,0.7,3.9,,960.0,0.0,0.0,0,0,8.0,0.440375
2/25/2015,Quarter4,finishing,Wednesday,6,0.75,2.9,,960.0,0.0,0.0,0,0,8.0,0.410833
2/25/2015,Quarter4,finishing,Wednesday,9,0.7,2.9,,960.0,0.0,0.0,0,0,8.0,0.410833
2/26/2015,Quarter4,finishing,Thursday,3,0.8,4.6,,6300.0,0.0,0.0,0,0,15.0,0.921704
2/26/2015,Quarter4,finishing,Thursday,5,0.8,4.6,,7560.0,0.0,0.0,0,0,18.0,0.921605
2/26/2015,Quarter4,sweing,Thursday,7,0.8,30.1,694.0,4080.0,50.0,0.0,0,1,59.0,0.800809
2/26/2015,Quarter4,sweing,Thursday,11,0.8,11.61,816.0,2820.0,50.0,0.0,0,2,57.0,0.800517
2/26/2015,Quarter4,sweing,Thursday,12,0.8,15.26,1065.0,4080.0,63.0,0.0,0,0,34.0,0.800402
2/26/2015,Quarter4,finishing,Thursday,1,0.5,3.94,,3360.0,0.0,0.0,0,0,8.0,0.768847
2/26/2015,Quarter4,sweing,Thursday,6,0.75,18.79,912.0,3960.0,45.0,0.0,0,0,33.0,0.750651
2/26/2015,Quarter4,sweing,Thursday,3,0.75,29.4,1244.0,6840.0,45.0,0.0,0,2,57.0,0.750474
2/26/2015,Quarter4,sweing,Thursday,9,0.75,18.79,1020.0,5640.0,45.0,0.0,0,1,52.0,0.750372
2/26/2015,Quarter4,sweing,Thursday,8,0.75,29.4,916.0,6960.0,56.0,0.0,0,2,58.0,0.750207
2/26/2015,Quarter4,sweing,Thursday,10,0.7,21.82,1591.0,3240.0,0.0,0.0,0,1,52.0,0.700252
2/26/2015,Quarter4,sweing,Thursday,2,0.7,30.33,398.0,6960.0,0.0,0.0,0,1,58.0,0.662379
2/26/2015,Quarter4,finishing,Thursday,12,0.8,4.6,,3780.0,0.0,0.0,0,0,9.0,0.590617
2/26/2015,Quarter4,finishing,Thursday,2,0.7,3.9,,960.0,0.0,0.0,0,0,8.0,0.556562
2/26/2015,Quarter4,sweing,Thursday,4,0.8,30.1,437.0,7080.0,32.0,0.0,0,2,59.0,0.495618
2/26/2015,Quarter4,sweing,Thursday,5,0.35,27.48,413.0,6840.0,38.0,0.0,0,1,57.0,0.449965
2/26/2015,Quarter4,finishing,Thursday,10,0.7,2.9,,3360.0,0.0,0.0,0,0,8.0,0.410833
2/26/2015,Quarter4,finishing,Thursday,9,0.75,2.9,,960.0,0.0,0.0,0,0,8.0,0.407813
2/26/2015,Quarter4,sweing,Thursday,1,0.35,26.66,1164.0,6600.0,23.0,0.0,0,2,55.0,0.378895
2/26/2015,Quarter4,finishing,Thursday,8,0.75,4.6,,3360.0,0.0,0.0,0,0,8.0,0.376597
2/26/2015,Quarter4,finishing,Thursday,6,0.75,2.9,,3360.0,0.0,0.0,0,0,8.0,0.271875
2/28/2015,Quarter4,finishing,Saturday,3,0.8,4.6,,6300.0,0.0,0.0,0,0,15.0,0.921704
2/28/2015,Quarter4,finishing,Saturday,5,0.8,4.6,,7560.0,0.0,0.0,0,0,18.0,0.921605
2/28/2015,Quarter4,sweing,Saturday,11,0.8,11.61,954.0,0.0,50.0,0.0,0,2,58.0,0.800779
2/28/2015,Quarter4,sweing,Saturday,12,0.8,15.26,1194.0,1700.0,62.0,0.0,0,0,34.0,0.800261
2/28/2015,Quarter4,sweing,Saturday,7,0.8,30.1,644.0,840.0,38.0,0.0,0,1,59.0,0.799983
2/28/2015,Quarter4,finishing,Saturday,1,0.5,3.94,,3360.0,0.0,0.0,0,0,8.0,0.768847
2/28/2015,Quarter4,sweing,Saturday,3,0.75,29.4,1144.0,4440.0,45.0,0.0,0,2,57.0,0.750717
2/28/2015,Quarter4,sweing,Saturday,6,0.75,18.79,1012.0,3960.0,45.0,0.0,0,0,33.0,0.750651
2/28/2015,Quarter4,sweing,Saturday,8,0.75,29.4,792.0,4560.0,56.0,0.0,0,2,58.0,0.750426
2/28/2015,Quarter4,sweing,Saturday,9,0.75,18.79,841.0,6240.0,45.0,0.0,0,1,52.0,0.750396
2/28/2015,Quarter4,sweing,Saturday,10,0.7,21.82,1448.0,6120.0,40.0,0.0,0,1,51.0,0.700237
2/28/2015,Quarter4,sweing,Saturday,2,0.7,30.33,512.0,4560.0,0.0,0.0,0,1,58.0,0.700211
2/28/2015,Quarter4,finishing,Saturday,12,0.8,4.6,,3780.0,0.0,0.0,0,0,9.0,0.590617
2/28/2015,Quarter4,finishing,Saturday,2,0.7,3.9,,960.0,0.0,0.0,0,0,8.0,0.556562
2/28/2015,Quarter4,sweing,Saturday,5,0.5,27.48,609.0,6840.0,30.0,0.0,0,1,57.0,0.550404
2/28/2015,Quarter4,sweing,Saturday,1,0.5,26.66,1448.0,6840.0,30.0,0.0,0,2,57.0,0.55035
2/28/2015,Quarter4,sweing,Saturday,4,0.5,26.66,556.0,6960.0,23.0,0.0,0,2,58.0,0.500258
2/28/2015,Quarter4,finishing,Saturday,10,0.7,2.9,,3360.0,0.0,0.0,0,0,8.0,0.410833
2/28/2015,Quarter4,finishing,Saturday,9,0.75,2.9,,960.0,0.0,0.0,0,0,8.0,0.407813
2/28/2015,Quarter4,finishing,Saturday,8,0.75,4.6,,3360.0,0.0,0.0,0,0,8.0,0.376597
2/28/2015,Quarter4,finishing,Saturday,6,0.75,2.9,,3360.0,0.0,0.0,0,0,8.0,0.271875
3/1/2015,Quarter1,finishing,Sunday,3,0.8,4.6,,10500.0,0.0,0.0,0,0,25.0,0.936356
3/1/2015,Quarter1,finishing,Sunday,8,0.75,4.6,,3360.0,0.0,0.0,0,0,8.0,0.813611
3/1/2015,Quarter1,sweing,Sunday,12,0.8,15.26,1106.0,4080.0,63.0,0.0,0,0,34.0,0.800402
3/1/2015,Quarter1,sweing,Sunday,8,0.75,29.4,622.0,6240.0,56.0,0.0,0,0,57.0,0.75075
3/1/2015,Quarter1,sweing,Sunday,6,0.75,18.79,1193.0,3960.0,45.0,0.0,0,0,33.0,0.750651
3/1/2015,Quarter1,sweing,Sunday,3,0.75,29.4,1143.0,6840.0,45.0,0.0,0,0,57.0,0.750474
3/1/2015,Quarter1,sweing,Sunday,9,0.75,18.79,895.0,6240.0,34.0,0.0,0,0,52.0,0.750396
3/1/2015,Quarter1,sweing,Sunday,5,0.6,27.48,549.0,6720.0,38.0,0.0,0,0,56.0,0.707446
3/1/2015,Quarter1,sweing,Sunday,10,0.7,21.82,1393.0,5640.0,30.0,0.0,0,0,52.0,0.700237
3/1/2015,Quarter1,sweing,Sunday,1,0.6,26.66,1578.0,6840.0,38.0,0.0,0,0,57.0,0.70002
3/1/2015,Quarter1,sweing,Sunday,2,0.7,30.33,254.0,1800.0,0.0,0.0,0,0,58.0,0.683551
3/1/2015,Quarter1,sweing,Sunday,11,0.8,11.61,347.0,0.0,50.0,4.0,20,0,57.0,0.682433
3/1/2015,Quarter1,finishing,Sunday,4,0.6,3.94,,960.0,0.0,0.0,0,0,8.0,0.673083
3/1/2015,Quarter1,finishing,Sunday,10,0.7,2.9,,3360.0,0.0,0.0,0,0,8.0,0.664583
3/1/2015,Quarter1,sweing,Sunday,4,0.6,26.66,692.0,6840.0,23.0,0.0,0,0,57.0,0.60024
3/1/2015,Quarter1,finishing,Sunday,2,0.7,3.9,,960.0,0.0,0.0,0,0,8.0,0.585
3/1/2015,Quarter1,sweing,Sunday,7,0.8,30.1,934.0,6960.0,0.0,3.5,15,0,58.0,0.579511
3/1/2015,Quarter1,finishing,Sunday,1,0.6,3.94,,3360.0,0.0,0.0,0,0,8.0,0.448722
3/1/2015,Quarter1,finishing,Sunday,9,0.75,2.9,,960.0,0.0,0.0,0,0,8.0,0.447083
3/1/2015,Quarter1,finishing,Sunday,7,0.8,4.6,,3360.0,0.0,0.0,0,0,8.0,0.350417
3/2/2015,Quarter1,finishing,Monday,2,0.7,3.9,,1200.0,0.0,0.0,0,0,10.0,0.92885
3/2/2015,Quarter1,finishing,Monday,3,0.8,4.6,,10080.0,0.0,0.0,0,0,24.0,0.86037
3/2/2015,Quarter1,finishing,Monday,4,0.65,3.94,,960.0,0.0,0.0,0,0,8.0,0.806879
3/2/2015,Quarter1,sweing,Monday,1,0.65,26.66,1527.0,6840.0,65.0,0.0,0,0,57.0,0.80058
3/2/2015,Quarter1,sweing,Monday,12,0.8,15.26,1035.0,4080.0,63.0,0.0,0,0,34.0,0.800402
3/2/2015,Quarter1,finishing,Monday,9,0.75,2.9,,1200.0,0.0,0.0,0,0,10.0,0.8004
3/2/2015,Quarter1,sweing,Monday,11,0.8,11.61,632.0,0.0,50.0,0.0,0,0,57.0,0.800309
3/2/2015,Quarter1,sweing,Monday,3,0.8,29.4,1231.0,4680.0,50.0,0.0,0,0,57.0,0.80015
3/2/2015,Quarter1,sweing,Monday,7,0.8,30.1,616.0,7080.0,0.0,0.0,0,0,59.0,0.800116
3/2/2015,Quarter1,finishing,Monday,8,0.75,4.6,,3360.0,0.0,0.0,0,0,8.0,0.773333
3/2/2015,Quarter1,sweing,Monday,6,0.75,18.79,947.0,2880.0,34.0,0.0,0,0,33.0,0.750797
3/2/2015,Quarter1,sweing,Monday,8,0.75,29.4,551.0,6840.0,45.0,0.0,0,0,57.0,0.750474
3/2/2015,Quarter1,sweing,Monday,9,0.75,18.79,935.0,6240.0,45.0,0.0,0,0,52.0,0.750396
3/2/2015,Quarter1,sweing,Monday,4,0.65,26.66,832.0,6780.0,55.0,0.0,0,0,57.0,0.750255
3/2/2015,Quarter1,sweing,Monday,5,0.65,27.48,544.0,6720.0,34.0,0.0,0,0,56.0,0.700904
3/2/2015,Quarter1,sweing,Monday,10,0.7,21.82,1511.0,3600.0,30.0,0.0,0,0,51.0,0.700136
3/2/2015,Quarter1,finishing,Monday,10,0.7,2.9,,3360.0,0.0,0.0,0,0,8.0,0.632361
3/2/2015,Quarter1,finishing,Monday,12,0.8,4.6,,3780.0,0.0,0.0,0,0,9.0,0.607654
3/2/2015,Quarter1,finishing,Monday,1,0.65,3.94,,3360.0,0.0,0.0,0,0,8.0,0.537919
3/2/2015,Quarter1,finishing,Monday,7,0.8,4.6,,3360.0,0.0,0.0,0,0,8.0,0.342361
3/3/2015,Quarter1,finishing,Tuesday,7,0.8,4.6,,4200.0,0.0,0.0,0,0,10.0,0.999533
3/3/2015,Quarter1,finishing,Tuesday,3,0.8,4.6,,6300.0,0.0,0.0,0,0,15.0,0.902963
3/3/2015,Quarter1,sweing,Tuesday,11,0.8,11.41,601.0,0.0,50.0,0.0,0,0,56.0,0.800702
3/3/2015,Quarter1,sweing,Tuesday,1,0.7,26.66,1562.0,6960.0,60.0,0.0,0,0,58.0,0.800566
3/3/2015,Quarter1,sweing,Tuesday,12,0.8,15.26,983.0,4080.0,50.0,0.0,0,0,34.0,0.800402
3/3/2015,Quarter1,sweing,Tuesday,3,0.8,29.4,1156.0,6840.0,50.0,0.0,0,0,57.0,0.800333
3/3/2015,Quarter1,sweing,Tuesday,7,0.8,30.1,29.0,7080.0,50.0,0.0,0,0,59.0,0.800116
3/3/2015,Quarter1,sweing,Tuesday,4,0.7,26.66,950.0,6960.0,50.0,0.0,0,0,58.0,0.75077
3/3/2015,Quarter1,sweing,Tuesday,8,0.75,29.4,534.0,6840.0,56.0,0.0,0,0,57.0,0.750474
3/3/2015,Quarter1,sweing,Tuesday,9,0.75,18.79,1096.0,6240.0,34.0,0.0,0,0,52.0,0.750396
3/3/2015,Quarter1,sweing,Tuesday,6,0.75,20.2,402.0,3120.0,45.0,0.0,0,0,33.0,0.750213
3/3/2015,Quarter1,finishing,Tuesday,8,0.75,4.6,,3360.0,0.0,0.0,0,0,8.0,0.702778
3/3/2015,Quarter1,sweing,Tuesday,5,0.7,27.48,573.0,6840.0,30.0,0.0,0,0,57.0,0.70066
3/3/2015,Quarter1,sweing,Tuesday,10,0.7,21.82,1313.0,5040.0,30.0,0.0,0,0,51.0,0.699984
3/3/2015,Quarter1,finishing,Tuesday,12,0.8,4.6,,3780.0,0.0,0.0,0,0,9.0,0.636049
3/3/2015,Quarter1,finishing,Tuesday,2,0.4,3.9,,6300.0,0.0,0.0,0,0,15.0,0.567378
3/3/2015,Quarter1,finishing,Tuesday,1,0.7,3.94,,3360.0,0.0,0.0,0,0,8.0,0.555431
3/3/2015,Quarter1,finishing,Tuesday,4,0.7,3.94,,3360.0,0.0,0.0,0,0,8.0,0.555431
3/3/2015,Quarter1,finishing,Tuesday,10,0.7,2.9,,3360.0,0.0,0.0,0,0,8.0,0.463194
3/3/2015,Quarter1,finishing,Tuesday,5,0.7,4.6,,3360.0,0.0,0.0,0,0,8.0,0.354444
3/3/2015,Quarter1,finishing,Tuesday,6,0.75,2.9,,3360.0,0.0,0.0,0,0,8.0,0.309333
3/3/2015,Quarter1,sweing,Tuesday,2,0.4,15.28,157.0,5400.0,0.0,6.5,30,1,45.0,0.30277
3/4/2015,Quarter1,finishing,Wednesday,3,0.8,4.6,,1200.0,0.0,0.0,0,0,10.0,0.939167
3/4/2015,Quarter1,finishing,Wednesday,8,0.8,4.6,,960.0,0.0,0.0,0,0,8.0,0.930417
3/4/2015,Quarter1,finishing,Wednesday,12,0.8,4.6,,1080.0,0.0,0.0,0,0,9.0,0.885926
3/4/2015,Quarter1,finishing,Wednesday,9,0.75,2.9,,960.0,0.0,0.0,0,0,8.0,0.83375
3/4/2015,Quarter1,finishing,Wednesday,1,0.7,3.94,,960.0,0.0,0.0,0,0,8.0,0.806879
3/4/2015,Quarter1,finishing,Wednesday,4,0.7,3.94,,960.0,0.0,0.0,0,0,8.0,0.806058
3/4/2015,Quarter1,sweing,Wednesday,11,0.8,11.41,433.0,0.0,38.0,0.0,0,0,56.0,0.800702
3/4/2015,Quarter1,sweing,Wednesday,12,0.8,15.26,961.0,4080.0,50.0,0.0,0,0,34.0,0.800402
3/4/2015,Quarter1,sweing,Wednesday,3,0.8,29.4,1169.0,6840.0,63.0,0.0,0,0,57.0,0.800333
3/4/2015,Quarter1,sweing,Wednesday,7,0.8,30.1,874.0,3960.0,50.0,0.0,0,0,59.0,0.800056
3/4/2015,Quarter1,sweing,Wednesday,4,0.7,26.82,1028.0,6960.0,60.0,0.0,0,0,58.0,0.799976
3/4/2015,Quarter1,sweing,Wednesday,1,0.7,26.82,1772.0,6960.0,50.0,0.0,0,0,58.0,0.750652
3/4/2015,Quarter1,sweing,Wednesday,9,0.75,18.79,1206.0,6240.0,34.0,0.0,0,0,52.0,0.750396
3/4/2015,Quarter1,sweing,Wednesday,5,0.7,27.48,586.0,6960.0,40.0,0.0,0,0,58.0,0.700424
3/4/2015,Quarter1,sweing,Wednesday,10,0.7,21.82,1334.0,5760.0,30.0,0.0,0,0,53.0,0.700058
3/4/2015,Quarter1,finishing,Wednesday,7,0.8,4.6,,8400.0,0.0,0.0,0,0,20.0,0.684889
3/4/2015,Quarter1,finishing,Wednesday,5,0.7,4.6,,960.0,0.0,0.0,0,0,8.0,0.592083
3/4/2015,Quarter1,finishing,Wednesday,2,0.5,3.9,,960.0,0.0,0.0,0,0,8.0,0.540312
3/4/2015,Quarter1,sweing,Wednesday,8,0.8,29.4,30.0,6840.0,0.0,0.0,0,0,57.0,0.433263
3/4/2015,Quarter1,sweing,Wednesday,2,0.5,15.28,261.0,5520.0,0.0,0.0,0,1,46.0,0.404145
3/4/2015,Quarter1,sweing,Wednesday,6,0.75,18.79,52.0,3960.0,0.0,0.0,0,0,33.0,0.332146
3/5/2015,Quarter1,finishing,Thursday,8,0.8,4.6,,2640.0,0.0,0.0,0,0,22.0,0.980985
3/5/2015,Quarter1,finishing,Thursday,2,0.6,3.9,,960.0,0.0,0.0,0,0,8.0,0.950625
3/5/2015,Quarter1,finishing,Thursday,11,0.8,2.9,,1200.0,0.0,0.0,0,0,10.0,0.927292
3/5/2015,Quarter1,finishing,Thursday,12,0.8,4.6,,1080.0,0.0,0.0,0,0,9.0,0.868889
3/5/2015,Quarter1,finishing,Thursday,1,0.7,3.94,,960.0,0.0,0.0,0,0,8.0,0.812625
3/5/2015,Quarter1,finishing,Thursday,4,0.7,3.94,,960.0,0.0,0.0,0,0,8.0,0.812625
3/5/2015,Quarter1,finishing,Thursday,3,0.8,4.6,,1800.0,0.0,0.0,0,0,15.0,0.810111
3/5/2015,Quarter1,sweing,Thursday,11,0.8,11.41,455.0,3420.0,50.0,0.0,0,0,56.0,0.800702
3/5/2015,Quarter1,sweing,Thursday,3,0.8,29.4,797.0,1800.0,63.0,0.0,0,0,57.0,0.800535
3/5/2015,Quarter1,sweing,Thursday,12,0.8,15.26,959.0,4080.0,50.0,0.0,0,0,34.0,0.800402
3/5/2015,Quarter1,sweing,Thursday,1,0.7,26.82,1373.0,6960.0,50.0,0.0,0,0,58.0,0.750652
3/5/2015,Quarter1,sweing,Thursday,9,0.75,18.79,1228.0,6240.0,45.0,0.0,0,0,52.0,0.750396
3/5/2015,Quarter1,sweing,Thursday,4,0.7,26.82,1117.0,7080.0,50.0,0.0,0,0,59.0,0.750051
3/5/2015,Quarter1,sweing,Thursday,5,0.7,27.48,230.0,6960.0,40.0,0.0,0,0,58.0,0.700424
3/5/2015,Quarter1,sweing,Thursday,10,0.7,21.82,1390.0,6000.0,30.0,0.0,0,0,50.0,0.700422
3/5/2015,Quarter1,sweing,Thursday,2,0.6,15.28,529.0,1320.0,0.0,0.0,0,1,46.0,0.600099
3/5/2015,Quarter1,finishing,Thursday,9,0.75,2.9,,960.0,0.0,0.0,0,0,8.0,0.453125
3/5/2015,Quarter1,sweing,Thursday,7,0.8,30.1,834.0,1200.0,0.0,4.0,40,0,59.0,0.366054
3/5/2015,Quarter1,sweing,Thursday,6,0.35,22.53,1450.0,2640.0,0.0,0.0,0,1,39.0,0.263694
3/7/2015,Quarter1,finishing,Saturday,12,0.8,4.6,,1080.0,0.0,0.0,0,0,9.0,0.868889
3/7/2015,Quarter1,sweing,Saturday,12,0.8,15.26,986.0,4080.0,75.0,0.0,0,0,34.0,0.850521
3/7/2015,Quarter1,sweing,Saturday,1,0.7,26.82,1267.0,8160.0,70.0,0.0,0,0,58.0,0.850045
3/7/2015,Quarter1,finishing,Saturday,7,0.8,4.6,,6000.0,0.0,0.0,0,0,25.0,0.825444
3/7/2015,Quarter1,finishing,Saturday,5,0.35,3.94,,2400.0,0.0,0.0,0,0,10.0,0.80575
3/7/2015,Quarter1,sweing,Saturday,4,0.7,26.82,1195.0,6960.0,60.0,0.0,0,0,58.0,0.800747
3/7/2015,Quarter1,sweing,Saturday,3,0.8,29.4,983.0,6840.0,63.0,0.0,0,1,57.0,0.800579
3/7/2015,Quarter1,sweing,Saturday,11,0.8,11.41,471.0,3420.0,50.0,0.0,0,0,58.0,0.800035
3/7/2015,Quarter1,finishing,Saturday,6,0.5,2.9,,960.0,0.0,0.0,0,0,8.0,0.7975
3/7/2015,Quarter1,sweing,Saturday,9,0.75,18.79,1226.0,3480.0,45.0,0.0,0,0,51.0,0.749987
3/7/2015,Quarter1,sweing,Saturday,10,0.7,21.82,1251.0,6000.0,30.0,0.0,0,0,50.0,0.700422
3/7/2015,Quarter1,finishing,Saturday,1,0.7,3.94,,960.0,0.0,0.0,0,0,8.0,0.664875
3/7/2015,Quarter1,finishing,Saturday,4,0.7,3.94,,960.0,0.0,0.0,0,0,8.0,0.664875
3/7/2015,Quarter1,finishing,Saturday,11,0.8,2.9,,960.0,0.0,0.0,0,0,8.0,0.657083
3/7/2015,Quarter1,sweing,Saturday,2,0.65,16.1,626.0,4200.0,0.0,0.0,0,1,45.0,0.65024
3/7/2015,Quarter1,finishing,Saturday,8,0.8,4.6,,3600.0,0.0,0.0,0,0,15.0,0.590741
3/7/2015,Quarter1,finishing,Saturday,2,0.65,3.9,,1920.0,0.0,0.0,0,0,8.0,0.528125
3/7/2015,Quarter1,sweing,Saturday,6,0.5,23.41,1379.0,2280.0,0.0,0.0,0,1,39.0,0.500528
3/7/2015,Quarter1,sweing,Saturday,5,0.7,27.48,541.0,6960.0,24.0,0.0,0,1,58.0,0.40896
3/8/2015,Quarter2,finishing,Sunday,3,0.8,4.6,,1440.0,0.0,0.0,0,0,12.0,0.951944
3/8/2015,Quarter2,finishing,Sunday,12,0.8,4.6,,1080.0,0.0,0.0,0,0,9.0,0.945556
3/8/2015,Quarter2,finishing,Sunday,9,0.75,2.9,,1080.0,0.0,0.0,0,0,9.0,0.929074
3/8/2015,Quarter2,finishing,Sunday,1,0.75,3.94,,960.0,0.0,0.0,0,0,8.0,0.890604
3/8/2015,Quarter2,finishing,Sunday,4,0.75,3.94,,960.0,0.0,0.0,0,0,8.0,0.890604
3/8/2015,Quarter2,finishing,Sunday,2,0.7,3.9,,1200.0,0.0,0.0,0,0,10.0,0.884
3/8/2015,Quarter2,finishing,Sunday,5,0.5,3.94,,960.0,0.0,0.0,0,0,8.0,0.857917
3/8/2015,Quarter2,sweing,Sunday,4,0.75,26.82,1082.0,6840.0,65.0,0.0,0,0,57.0,0.850084
3/8/2015,Quarter2,sweing,Sunday,1,0.75,26.82,1254.0,6960.0,65.0,0.0,0,0,58.0,0.850071
3/8/2015,Quarter2,sweing,Sunday,3,0.8,30.1,1278.0,3360.0,50.0,0.0,0,1,57.0,0.800511
3/8/2015,Quarter2,sweing,Sunday,12,0.8,15.26,1064.0,4080.0,63.0,0.0,0,0,34.0,0.800402
3/8/2015,Quarter2,sweing,Sunday,11,0.8,11.41,313.0,3420.0,50.0,0.0,0,0,58.0,0.800035
3/8/2015,Quarter2,finishing,Sunday,11,0.8,2.9,,960.0,0.0,0.0,0,0,8.0,0.755208
3/8/2015,Quarter2,sweing,Sunday,9,0.75,18.79,1239.0,5640.0,45.0,0.0,0,0,52.0,0.750372
3/8/2015,Quarter2,sweing,Sunday,10,0.7,21.82,1335.0,6000.0,30.0,0.0,0,0,50.0,0.700422
3/8/2015,Quarter2,sweing,Sunday,2,0.7,16.1,928.0,4800.0,30.0,0.0,0,1,45.0,0.700106
3/8/2015,Quarter2,sweing,Sunday,6,0.6,23.41,1266.0,2520.0,23.0,0.0,0,1,38.0,0.601037
3/8/2015,Quarter2,sweing,Sunday,8,0.6,30.48,869.0,6720.0,0.0,0.0,0,1,56.0,0.600529
3/8/2015,Quarter2,sweing,Sunday,5,0.5,26.82,711.0,7080.0,23.0,0.0,0,1,59.0,0.500034
3/8/2015,Quarter2,finishing,Sunday,8,0.6,3.9,,960.0,0.0,0.0,0,0,8.0,0.450937
3/8/2015,Quarter2,finishing,Sunday,10,0.7,2.9,,960.0,0.0,0.0,0,0,8.0,0.441042
3/8/2015,Quarter2,finishing,Sunday,6,0.6,2.9,,960.0,0.0,0.0,0,0,8.0,0.271875
3/9/2015,Quarter2,finishing,Monday,11,0.8,2.9,,0.0,960.0,0.0,0,0,8.0,0.960625
3/9/2015,Quarter2,finishing,Monday,12,0.8,4.6,,0.0,1080.0,0.0,0,0,9.0,0.902963
3/9/2015,Quarter2,finishing,Monday,5,0.6,3.94,,0.0,2880.0,0.0,0,0,12.0,0.864343
3/9/2015,Quarter2,sweing,Monday,4,0.75,26.82,1079.0,7020.0,65.0,0.0,0,0,58.0,0.850446
3/9/2015,Quarter2,sweing,Monday,1,0.75,26.82,1322.0,7140.0,65.0,0.0,0,0,59.0,0.850427
3/9/2015,Quarter2,finishing,Monday,9,0.75,2.9,,0.0,3600.0,0.0,0,0,15.0,0.841
3/9/2015,Quarter2,sweing,Monday,3,0.8,30.1,964.0,5160.0,50.0,0.0,0,1,58.0,0.800842
3/9/2015,Quarter2,sweing,Monday,12,0.8,15.26,1132.0,4080.0,63.0,0.0,0,0,34.0,0.800402
3/9/2015,Quarter2,sweing,Monday,11,0.8,11.41,357.0,3420.0,50.0,0.0,0,0,58.0,0.800035
3/9/2015,Quarter2,finishing,Monday,3,0.8,4.6,,0.0,1440.0,0.0,0,0,12.0,0.795417
3/9/2015,Quarter2,finishing,Monday,4,0.75,3.94,,0.0,960.0,0.0,0,0,8.0,0.795388
3/9/2015,Quarter2,finishing,Monday,1,0.75,3.94,,0.0,960.0,0.0,0,0,8.0,0.794567
3/9/2015,Quarter2,sweing,Monday,9,0.75,18.79,1193.0,6240.0,45.0,0.0,0,0,52.0,0.750396
3/9/2015,Quarter2,sweing,Monday,2,0.7,16.1,817.0,5520.0,30.0,0.0,0,1,45.0,0.700516
3/9/2015,Quarter2,sweing,Monday,10,0.7,21.82,1576.0,6000.0,30.0,0.0,0,0,50.0,0.700422
3/9/2015,Quarter2,finishing,Monday,2,0.7,3.9,,0.0,1200.0,0.0,0,0,10.0,0.6825
3/9/2015,Quarter2,sweing,Monday,6,0.65,23.41,1262.0,4560.0,35.0,0.0,0,1,38.0,0.650962
3/9/2015,Quarter2,sweing,Monday,8,0.65,30.48,953.0,6720.0,26.0,0.0,0,1,56.0,0.650421
3/9/2015,Quarter2,sweing,Monday,5,0.6,26.82,919.0,7080.0,23.0,0.0,0,1,59.0,0.600041
3/9/2015,Quarter2,sweing,Monday,7,0.5,30.48,1161.0,6600.0,0.0,0.0,0,1,55.0,0.500611
3/9/2015,Quarter2,finishing,Monday,10,0.7,2.9,,0.0,960.0,0.0,0,0,8.0,0.477292
3/9/2015,Quarter2,finishing,Monday,8,0.65,3.9,,0.0,960.0,0.0,0,0,8.0,0.264062
3/10/2015,Quarter2,finishing,Tuesday,12,0.8,4.6,,1080.0,0.0,0.0,0,0,9.0,0.92
3/10/2015,Quarter2,finishing,Tuesday,5,0.6,3.94,,1440.0,0.0,0.0,0,0,12.0,0.909392
3/10/2015,Quarter2,sweing,Tuesday,1,0.75,26.82,1574.0,7080.0,75.0,0.0,0,0,59.0,0.900061
3/10/2015,Quarter2,finishing,Tuesday,3,0.8,4.6,,1440.0,0.0,0.0,0,0,12.0,0.894444
3/10/2015,Quarter2,finishing,Tuesday,4,0.75,3.94,,960.0,0.0,0.0,0,0,8.0,0.881575
3/10/2015,Quarter2,finishing,Tuesday,1,0.75,3.94,,960.0,0.0,0.0,0,0,8.0,0.880754
3/10/2015,Quarter2,sweing,Tuesday,4,0.75,26.82,1104.0,5880.0,65.0,0.0,0,0,59.0,0.850084
3/10/2015,Quarter2,finishing,Tuesday,9,0.75,2.9,,1800.0,0.0,0.0,0,0,15.0,0.821667
3/10/2015,Quarter2,sweing,Tuesday,12,0.8,15.26,1069.0,4080.0,63.0,0.0,0,0,34.0,0.800402
3/10/2015,Quarter2,sweing,Tuesday,3,0.8,30.1,756.0,6960.0,63.0,0.0,0,1,58.0,0.800072
3/10/2015,Quarter2,sweing,Tuesday,11,0.8,11.41,338.0,3420.0,50.0,0.0,0,0,58.0,0.800035
3/10/2015,Quarter2,finishing,Tuesday,11,0.8,2.9,,960.0,0.0,0.0,0,0,8.0,0.758229
3/10/2015,Quarter2,sweing,Tuesday,10,0.75,21.82,1499.0,6000.0,34.0,0.0,0,0,50.0,0.750608
3/10/2015,Quarter2,sweing,Tuesday,9,0.75,18.79,1247.0,6240.0,45.0,0.0,0,0,52.0,0.750396
3/10/2015,Quarter2,finishing,Tuesday,2,0.7,3.9,,960.0,0.0,0.0,0,0,8.0,0.741
3/10/2015,Quarter2,sweing,Tuesday,8,0.7,30.48,923.0,6840.0,30.0,0.0,0,1,57.0,0.700505
3/10/2015,Quarter2,sweing,Tuesday,6,0.7,23.41,1180.0,4560.0,30.0,0.0,0,1,38.0,0.700246
3/10/2015,Quarter2,sweing,Tuesday,2,0.7,16.1,957.0,5400.0,40.0,0.0,0,1,45.0,0.700052
3/10/2015,Quarter2,sweing,Tuesday,5,0.65,26.82,1001.0,7080.0,26.0,0.0,0,1,59.0,0.650044
3/10/2015,Quarter2,sweing,Tuesday,7,0.6,30.48,1017.0,6840.0,25.0,0.0,0,1,57.0,0.630403
3/10/2015,Quarter2,finishing,Tuesday,8,0.65,3.9,,960.0,0.0,0.0,0,0,8.0,0.560625
3/10/2015,Quarter2,finishing,Tuesday,7,0.5,3.9,,960.0,0.0,0.0,0,0,8.0,0.560625
3/10/2015,Quarter2,finishing,Tuesday,10,0.7,2.9,,960.0,0.0,0.0,0,0,8.0,0.39875
3/11/2015,Quarter2,finishing,Wednesday,12,0.8,4.6,,2160.0,0.0,0.0,0,0,9.0,0.92284
3/11/2015,Quarter2,finishing,Wednesday,11,0.8,2.9,,2400.0,0.0,0.0,0,0,10.0,0.874028
3/11/2015,Quarter2,finishing,Wednesday,2,0.75,3.9,,1920.0,0.0,0.0,0,0,8.0,0.819271
3/11/2015,Quarter2,finishing,Wednesday,4,0.75,3.94,,1920.0,0.0,0.0,0,0,8.0,0.813309
3/11/2015,Quarter2,finishing,Wednesday,1,0.75,3.94,,1920.0,0.0,0.0,0,0,8.0,0.812625
3/11/2015,Quarter2,sweing,Wednesday,12,0.8,15.26,470.0,4080.0,63.0,0.0,0,0,34.0,0.800402
3/11/2015,Quarter2,sweing,Wednesday,3,0.8,30.1,735.0,6960.0,63.0,0.0,0,1,58.0,0.800072
3/11/2015,Quarter2,sweing,Wednesday,11,0.8,11.41,560.0,3420.0,50.0,0.0,0,0,58.0,0.800035
3/11/2015,Quarter2,finishing,Wednesday,3,0.8,4.6,,1920.0,0.0,0.0,0,0,8.0,0.786632
3/11/2015,Quarter2,finishing,Wednesday,5,0.7,3.94,,1440.0,0.0,0.0,0,0,12.0,0.75885
3/11/2015,Quarter2,sweing,Wednesday,10,0.75,21.82,1674.0,6000.0,34.0,0.0,0,0,50.0,0.750608
3/11/2015,Quarter2,sweing,Wednesday,9,0.75,18.79,290.0,5040.0,45.0,0.0,0,0,52.0,0.750347
3/11/2015,Quarter2,sweing,Wednesday,2,0.75,16.1,971.0,5400.0,45.0,0.0,0,1,45.0,0.750141
3/11/2015,Quarter2,sweing,Wednesday,1,0.75,26.82,1322.0,7080.0,45.0,0.0,0,0,59.0,0.750051
3/11/2015,Quarter2,sweing,Wednesday,4,0.75,26.82,1054.0,7080.0,45.0,0.0,0,0,59.0,0.750051
3/11/2015,Quarter2,sweing,Wednesday,5,0.7,26.82,992.0,6960.0,30.0,0.0,0,1,58.0,0.700557
3/11/2015,Quarter2,sweing,Wednesday,8,0.7,30.48,914.0,6840.0,30.0,0.0,0,1,57.0,0.700505
3/11/2015,Quarter2,sweing,Wednesday,6,0.7,23.41,1128.0,4560.0,40.0,0.0,0,1,38.0,0.700246
3/11/2015,Quarter2,sweing,Wednesday,7,0.65,30.48,935.0,6840.0,26.0,0.0,0,1,57.0,0.650596
3/11/2015,Quarter2,finishing,Wednesday,10,0.75,2.9,,960.0,0.0,0.0,0,0,8.0,0.628333
3/11/2015,Quarter2,finishing,Wednesday,8,0.7,3.9,,960.0,0.0,0.0,0,0,8.0,0.625625
3/11/2015,Quarter2,finishing,Wednesday,7,0.65,3.9,,960.0,0.0,0.0,0,0,8.0,0.625625
3/11/2015,Quarter2,finishing,Wednesday,9,0.75,2.9,,1800.0,0.0,0.0,0,0,15.0,0.505889
3/11/2015,Quarter2,finishing,Wednesday,6,0.7,2.9,,720.0,0.0,0.0,0,0,6.0,0.394722
